Error: MISSING_MESSAGE: Footer.address (en)
    at j (.next/server/chunks/ssr/_f9f6f050._.js:3:6971) {
  code: 'MISSING_MESSAGE',
  originalMessage: 'Footer.address (en)'
}
Error: MISSING_MESSAGE: Footer.rightsReserved (en)
    at j (.next/server/chunks/ssr/_f9f6f050._.js:3:7725) {
  code: 'MISSING_MESSAGE',
  originalMessage: 'Footer.rightsReserved (en)'
}
Error: MISSING_MESSAGE: HomeNew.innovationTitle (en)
    at h (.next/server/chunks/ssr/_941f9a50._.js:1:4659) {
  code: 'MISSING_MESSAGE',
  originalMessage: 'HomeNew.innovationTitle (en)'
}
Error: MISSING_MESSAGE: HomeNew.innovationDesc (en)
    at h (.next/server/chunks/ssr/_941f9a50._.js:1:4780) {
  code: 'MISSING_MESSAGE',
  originalMessage: 'HomeNew.innovationDesc (en)'
}
Error: MISSING_MESSAGE: HomeNew.qualityTitle (en)
    at h (.next/server/chunks/ssr/_941f9a50._.js:1:5471) {
  code: 'MISSING_MESSAGE',
  originalMessage: 'HomeNew.qualityTitle (en)'
}
Error: MISSING_MESSAGE: HomeNew.qualityDesc (en)
    at h (.next/server/chunks/ssr/_941f9a50._.js:1:5589) {
  code: 'MISSING_MESSAGE',
  originalMessage: 'HomeNew.qualityDesc (en)'
}
Error: MISSING_MESSAGE: HomeNew.globalTitle (en)
    at h (.next/server/chunks/ssr/_941f9a50._.js:1:6274) {
  code: 'MISSING_MESSAGE',
  originalMessage: 'HomeNew.globalTitle (en)'
}
Error: MISSING_MESSAGE: HomeNew.globalDesc (en)
    at h (.next/server/chunks/ssr/_941f9a50._.js:1:6391) {
  code: 'MISSING_MESSAGE',
  originalMessage: 'HomeNew.globalDesc (en)'
}
Error: MISSING_MESSAGE: HomeNew.ourMission (en)
    at l (.next/server/chunks/ssr/_941f9a50._.js:1:17562) {
  code: 'MISSING_MESSAGE',
  originalMessage: 'HomeNew.ourMission (en)'
}
Error: MISSING_MESSAGE: HomeNew.missionDesc (en)
    at l (.next/server/chunks/ssr/_941f9a50._.js:1:17710) {
  code: 'MISSING_MESSAGE',
  originalMessage: 'HomeNew.missionDesc (en)'
}
Error: MISSING_MESSAGE: HomeNew.articlesSubtitle (en)
    at i (.next/server/chunks/ssr/_941f9a50._.js:1:25434) {
  code: 'MISSING_MESSAGE',
  originalMessage: 'HomeNew.articlesSubtitle (en)'
}
Error: MISSING_MESSAGE: HomeNew.ourArticles (en)
    at i (.next/server/chunks/ssr/_941f9a50._.js:1:25559) {
  code: 'MISSING_MESSAGE',
  originalMessage: 'HomeNew.ourArticles (en)'
}
Error: MISSING_MESSAGE: HomeNew.noNews (en)
    at i (.next/server/chunks/ssr/_941f9a50._.js:1:27395) {
  code: 'MISSING_MESSAGE',
  originalMessage: 'HomeNew.noNews (en)'
}
Error: MISSING_MESSAGE: HomeNew.agriEng (en)
    at f (.next/server/chunks/ssr/_941f9a50._.js:1:29585) {
  code: 'MISSING_MESSAGE',
  originalMessage: 'HomeNew.agriEng (en)'
}
Error: MISSING_MESSAGE: HomeNew.agriEng (en)
    at f (.next/server/chunks/ssr/_941f9a50._.js:1:29651) {
  code: 'MISSING_MESSAGE',
  originalMessage: 'HomeNew.agriEng (en)'
}
Error: MISSING_MESSAGE: HomeNew.agriEng (en)
    at f (.next/server/chunks/ssr/_941f9a50._.js:1:29714) {
  code: 'MISSING_MESSAGE',
  originalMessage: 'HomeNew.agriEng (en)'
}
Error: MISSING_MESSAGE: HomeNew.ourTeam (en)
    at f (.next/server/chunks/ssr/_941f9a50._.js:1:30086) {
  code: 'MISSING_MESSAGE',
  originalMessage: 'HomeNew.ourTeam (en)'
}
Error: MISSING_MESSAGE: HomeNew.teamSubtitle (en)
    at f (.next/server/chunks/ssr/_941f9a50._.js:1:30183) {
  code: 'MISSING_MESSAGE',
  originalMessage: 'HomeNew.teamSubtitle (en)'
}
Error: MISSING_MESSAGE: HomeNew.ourAgents (en)
    at h (.next/server/chunks/ssr/_941f9a50._.js:1:23093) {
  code: 'MISSING_MESSAGE',
  originalMessage: 'HomeNew.ourAgents (en)'
}
Error: MISSING_MESSAGE: HomeNew.agentsSubtitle (en)
    at h (.next/server/chunks/ssr/_941f9a50._.js:1:23212) {
  code: 'MISSING_MESSAGE',
  originalMessage: 'HomeNew.agentsSubtitle (en)'
}
Error setting directory to: /home/u884871213/domains/kint-group.com/public_html/: Error: ENOENT: no such file or directory, chdir '/opt/alt/alt-nodejs20/root/usr/bin' -> '/home/u884871213/domains/kint-group.com/public_html/'
node:internal/modules/cjs/loader:1228
  throw err;
  ^

Error: Cannot find module '/home/u884871213/domains/kint-group.com/public_html//server.js'
Require stack:
- /usr/local/lsws/fcgi-bin/lsnode.js
    at Module._resolveFilename (node:internal/modules/cjs/loader:1225:15)
    at Module._load (node:internal/modules/cjs/loader:1051:27)
    at Module.require (node:internal/modules/cjs/loader:1311:19)
    at require (node:internal/modules/helpers:179:18)
    at startApplication (/usr/local/lsws/fcgi-bin/lsnode.js:48:15)
    at Object.<anonymous> (/usr/local/lsws/fcgi-bin/lsnode.js:16:1)
    at Module._compile (node:internal/modules/cjs/loader:1469:14)
    at Module._extensions..js (node:internal/modules/cjs/loader:1548:10)
    at Module.load (node:internal/modules/cjs/loader:1288:32)
    at Module._load (node:internal/modules/cjs/loader:1104:12) {
  code: 'MODULE_NOT_FOUND',
  requireStack: [ '/usr/local/lsws/fcgi-bin/lsnode.js' ]
}

Node.js v20.18.3
Error: MISSING_MESSAGE: Footer.address (en)
    at j (.next/server/chunks/ssr/_f9f6f050._.js:3:6971) {
  code: 'MISSING_MESSAGE',
  originalMessage: 'Footer.address (en)'
}
Error: MISSING_MESSAGE: Footer.rightsReserved (en)
    at j (.next/server/chunks/ssr/_f9f6f050._.js:3:7725) {
  code: 'MISSING_MESSAGE',
  originalMessage: 'Footer.rightsReserved (en)'
}
Error: MISSING_MESSAGE: ContactPage (en)
    at <unknown> (.next/server/chunks/ssr/_03d8e486._.js:1:328)
    at <unknown> (.next/server/chunks/ssr/_03d8e486._.js:1:360)
    at <unknown> (.next/server/chunks/ssr/_03d8e486._.js:1:465)
    at <unknown> (.next/server/chunks/ssr/[root-of-the-server]__35851e98._.js:1:441)
    at async f (.next/server/chunks/ssr/[root-of-the-server]__77c6c943._.js:1:1780) {
  code: 'MISSING_MESSAGE',
  originalMessage: 'ContactPage (en)'
}
Error: MISSING_MESSAGE: ContactPage (en)
    at <unknown> (.next/server/chunks/ssr/_03d8e486._.js:1:328)
    at <unknown> (.next/server/chunks/ssr/_03d8e486._.js:1:360)
    at <unknown> (.next/server/chunks/ssr/_03d8e486._.js:1:465)
    at <unknown> (.next/server/chunks/ssr/[root-of-the-server]__35851e98._.js:1:441)
    at async f (.next/server/chunks/ssr/[root-of-the-server]__77c6c943._.js:1:1780) {
  code: 'MISSING_MESSAGE',
  originalMessage: 'ContactPage (en)'
}
Error: MISSING_MESSAGE: Footer.address (en)
    at j (.next/server/chunks/ssr/_f9f6f050._.js:3:6971) {
  code: 'MISSING_MESSAGE',
  originalMessage: 'Footer.address (en)'
}
Error: MISSING_MESSAGE: Footer.rightsReserved (en)
    at j (.next/server/chunks/ssr/_f9f6f050._.js:3:7725) {
  code: 'MISSING_MESSAGE',
  originalMessage: 'Footer.rightsReserved (en)'
}
Error: MISSING_MESSAGE: ContactPage (en)
    at <unknown> (.next/server/chunks/ssr/_03d8e486._.js:1:328)
    at <unknown> (.next/server/chunks/ssr/_03d8e486._.js:1:360)
    at <unknown> (.next/server/chunks/ssr/_03d8e486._.js:1:465)
    at <unknown> (.next/server/chunks/ssr/[root-of-the-server]__35851e98._.js:1:441)
    at async f (.next/server/chunks/ssr/[root-of-the-server]__77c6c943._.js:1:1780) {
  code: 'MISSING_MESSAGE',
  originalMessage: 'ContactPage (en)'
}
Error: MISSING_MESSAGE: ContactPage (en)
    at <unknown> (.next/server/chunks/ssr/_03d8e486._.js:1:328)
    at <unknown> (.next/server/chunks/ssr/_03d8e486._.js:1:360)
    at <unknown> (.next/server/chunks/ssr/_03d8e486._.js:1:465)
    at <unknown> (.next/server/chunks/ssr/[root-of-the-server]__35851e98._.js:1:441)
    at async f (.next/server/chunks/ssr/[root-of-the-server]__77c6c943._.js:1:1780) {
  code: 'MISSING_MESSAGE',
  originalMessage: 'ContactPage (en)'
}
Error: MISSING_MESSAGE: Contact.fullName (en)
    at i (.next/server/chunks/ssr/_086df7b9._.js:1:1816) {
  code: 'MISSING_MESSAGE',
  originalMessage: 'Contact.fullName (en)'
}
Error: MISSING_MESSAGE: Contact.emailAddress (en)
    at i (.next/server/chunks/ssr/_086df7b9._.js:1:2104) {
  code: 'MISSING_MESSAGE',
  originalMessage: 'Contact.emailAddress (en)'
}
Error: MISSING_MESSAGE: Contact.department (en)
    at i (.next/server/chunks/ssr/_086df7b9._.js:1:2468) {
  code: 'MISSING_MESSAGE',
  originalMessage: 'Contact.department (en)'
}
Error: MISSING_MESSAGE: Contact.generalInquiry (en)
    at i (.next/server/chunks/ssr/_086df7b9._.js:1:2704) {
  code: 'MISSING_MESSAGE',
  originalMessage: 'Contact.generalInquiry (en)'
}
Error: MISSING_MESSAGE: Contact.exportDepartment (en)
    at i (.next/server/chunks/ssr/_086df7b9._.js:1:2781) {
  code: 'MISSING_MESSAGE',
  originalMessage: 'Contact.exportDepartment (en)'
}
Error: MISSING_MESSAGE: Contact.localRepresentatives (en)
    at i (.next/server/chunks/ssr/_086df7b9._.js:1:2864) {
  code: 'MISSING_MESSAGE',
  originalMessage: 'Contact.localRepresentatives (en)'
}
Error: MISSING_MESSAGE: Contact.technicalSupport (en)
    at i (.next/server/chunks/ssr/_086df7b9._.js:1:2947) {
  code: 'MISSING_MESSAGE',
  originalMessage: 'Contact.technicalSupport (en)'
}
Error: MISSING_MESSAGE: Contact.phoneNumber (en)
    at i (.next/server/chunks/ssr/_086df7b9._.js:1:3190) {
  code: 'MISSING_MESSAGE',
  originalMessage: 'Contact.phoneNumber (en)'
}
Error: MISSING_MESSAGE: Contact.sendMessage (en)
    at i (.next/server/chunks/ssr/_086df7b9._.js:1:4145) {
  code: 'MISSING_MESSAGE',
  originalMessage: 'Contact.sendMessage (en)'
}
Error: MISSING_MESSAGE: Contact.fullName (en)
    at i (.next/server/chunks/ssr/_086df7b9._.js:1:1816) {
  code: 'MISSING_MESSAGE',
  originalMessage: 'Contact.fullName (en)'
}
Error: MISSING_MESSAGE: Contact.emailAddress (en)
    at i (.next/server/chunks/ssr/_086df7b9._.js:1:2104) {
  code: 'MISSING_MESSAGE',
  originalMessage: 'Contact.emailAddress (en)'
}
Error: MISSING_MESSAGE: Contact.department (en)
    at i (.next/server/chunks/ssr/_086df7b9._.js:1:2468) {
  code: 'MISSING_MESSAGE',
  originalMessage: 'Contact.department (en)'
}
Error: MISSING_MESSAGE: Contact.generalInquiry (en)
    at i (.next/server/chunks/ssr/_086df7b9._.js:1:2704) {
  code: 'MISSING_MESSAGE',
  originalMessage: 'Contact.generalInquiry (en)'
}
Error: MISSING_MESSAGE: Contact.exportDepartment (en)
    at i (.next/server/chunks/ssr/_086df7b9._.js:1:2781) {
  code: 'MISSING_MESSAGE',
  originalMessage: 'Contact.exportDepartment (en)'
}
Error: MISSING_MESSAGE: Contact.localRepresentatives (en)
    at i (.next/server/chunks/ssr/_086df7b9._.js:1:2864) {
  code: 'MISSING_MESSAGE',
  originalMessage: 'Contact.localRepresentatives (en)'
}
Error: MISSING_MESSAGE: Contact.technicalSupport (en)
    at i (.next/server/chunks/ssr/_086df7b9._.js:1:2947) {
  code: 'MISSING_MESSAGE',
  originalMessage: 'Contact.technicalSupport (en)'
}
Error: MISSING_MESSAGE: Contact.phoneNumber (en)
    at i (.next/server/chunks/ssr/_086df7b9._.js:1:3190) {
  code: 'MISSING_MESSAGE',
  originalMessage: 'Contact.phoneNumber (en)'
}
Error: MISSING_MESSAGE: Contact.sendMessage (en)
    at i (.next/server/chunks/ssr/_086df7b9._.js:1:4145) {
  code: 'MISSING_MESSAGE',
  originalMessage: 'Contact.sendMessage (en)'
}
Error: MISSING_MESSAGE: Footer.address (en)
    at j (.next/server/chunks/ssr/_f9f6f050._.js:3:6971) {
  code: 'MISSING_MESSAGE',
  originalMessage: 'Footer.address (en)'
}
Error: MISSING_MESSAGE: Footer.rightsReserved (en)
    at j (.next/server/chunks/ssr/_f9f6f050._.js:3:7725) {
  code: 'MISSING_MESSAGE',
  originalMessage: 'Footer.rightsReserved (en)'
}
Error: MISSING_MESSAGE: OptimumConditions (en)
    at <unknown> (.next/server/chunks/ssr/_03d8e486._.js:1:328)
    at <unknown> (.next/server/chunks/ssr/_03d8e486._.js:1:360)
    at <unknown> (.next/server/chunks/ssr/_03d8e486._.js:1:465)
    at <unknown> (.next/server/chunks/ssr/[root-of-the-server]__35851e98._.js:1:441)
    at async p (.next/server/chunks/ssr/[root-of-the-server]__7d0c8714._.js:1:4407) {
  code: 'MISSING_MESSAGE',
  originalMessage: 'OptimumConditions (en)'
}
Error: MISSING_MESSAGE: OptimumConditions (en)
    at <unknown> (.next/server/chunks/ssr/_03d8e486._.js:1:328)
    at <unknown> (.next/server/chunks/ssr/_03d8e486._.js:1:360)
    at <unknown> (.next/server/chunks/ssr/_03d8e486._.js:1:465)
    at <unknown> (.next/server/chunks/ssr/[root-of-the-server]__35851e98._.js:1:441)
    at async p (.next/server/chunks/ssr/[root-of-the-server]__7d0c8714._.js:1:4407) {
  code: 'MISSING_MESSAGE',
  originalMessage: 'OptimumConditions (en)'
}
Error: MISSING_MESSAGE: OptimumConditions (en)
    at <unknown> (.next/server/chunks/ssr/_03d8e486._.js:1:328)
    at <unknown> (.next/server/chunks/ssr/_03d8e486._.js:1:360)
    at <unknown> (.next/server/chunks/ssr/_03d8e486._.js:1:465)
    at <unknown> (.next/server/chunks/ssr/[root-of-the-server]__35851e98._.js:1:441)
    at async p (.next/server/chunks/ssr/[root-of-the-server]__7d0c8714._.js:1:4407) {
  code: 'MISSING_MESSAGE',
  originalMessage: 'OptimumConditions (en)'
}
Error: MISSING_MESSAGE: OptimumConditions (en)
    at <unknown> (.next/server/chunks/ssr/_03d8e486._.js:1:328)
    at <unknown> (.next/server/chunks/ssr/_03d8e486._.js:1:360)
    at <unknown> (.next/server/chunks/ssr/_03d8e486._.js:1:465)
    at <unknown> (.next/server/chunks/ssr/[root-of-the-server]__35851e98._.js:1:441)
    at async p (.next/server/chunks/ssr/[root-of-the-server]__7d0c8714._.js:1:4407) {
  code: 'MISSING_MESSAGE',
  originalMessage: 'OptimumConditions (en)'
}
Error: MISSING_MESSAGE: OptimumConditions (en)
    at <unknown> (.next/server/chunks/ssr/_03d8e486._.js:1:328)
    at <unknown> (.next/server/chunks/ssr/_03d8e486._.js:1:360)
    at <unknown> (.next/server/chunks/ssr/_03d8e486._.js:1:465)
    at <unknown> (.next/server/chunks/ssr/[root-of-the-server]__35851e98._.js:1:441)
    at async p (.next/server/chunks/ssr/[root-of-the-server]__7d0c8714._.js:1:4407) {
  code: 'MISSING_MESSAGE',
  originalMessage: 'OptimumConditions (en)'
}
Error: MISSING_MESSAGE: OptimumConditions (en)
    at <unknown> (.next/server/chunks/ssr/_03d8e486._.js:1:328)
    at <unknown> (.next/server/chunks/ssr/_03d8e486._.js:1:360)
    at <unknown> (.next/server/chunks/ssr/_03d8e486._.js:1:465)
    at <unknown> (.next/server/chunks/ssr/[root-of-the-server]__35851e98._.js:1:441)
    at async p (.next/server/chunks/ssr/[root-of-the-server]__7d0c8714._.js:1:4407) {
  code: 'MISSING_MESSAGE',
  originalMessage: 'OptimumConditions (en)'
}
Error: MISSING_MESSAGE: OptimumConditions (en)
    at <unknown> (.next/server/chunks/ssr/_03d8e486._.js:1:328)
    at <unknown> (.next/server/chunks/ssr/_03d8e486._.js:1:360)
    at <unknown> (.next/server/chunks/ssr/_03d8e486._.js:1:465)
    at <unknown> (.next/server/chunks/ssr/[root-of-the-server]__35851e98._.js:1:441)
    at async p (.next/server/chunks/ssr/[root-of-the-server]__7d0c8714._.js:1:4407) {
  code: 'MISSING_MESSAGE',
  originalMessage: 'OptimumConditions (en)'
}
Error: MISSING_MESSAGE: OptimumConditions (en)
    at <unknown> (.next/server/chunks/ssr/_03d8e486._.js:1:328)
    at <unknown> (.next/server/chunks/ssr/_03d8e486._.js:1:360)
    at <unknown> (.next/server/chunks/ssr/_03d8e486._.js:1:465)
    at <unknown> (.next/server/chunks/ssr/[root-of-the-server]__35851e98._.js:1:441)
    at async p (.next/server/chunks/ssr/[root-of-the-server]__7d0c8714._.js:1:4407) {
  code: 'MISSING_MESSAGE',
  originalMessage: 'OptimumConditions (en)'
}
Error: MISSING_MESSAGE: OptimumConditions (en)
    at <unknown> (.next/server/chunks/ssr/_03d8e486._.js:1:328)
    at <unknown> (.next/server/chunks/ssr/_03d8e486._.js:1:360)
    at <unknown> (.next/server/chunks/ssr/_03d8e486._.js:1:465)
    at <unknown> (.next/server/chunks/ssr/[root-of-the-server]__35851e98._.js:1:441)
    at async p (.next/server/chunks/ssr/[root-of-the-server]__7d0c8714._.js:1:4407) {
  code: 'MISSING_MESSAGE',
  originalMessage: 'OptimumConditions (en)'
}
Error: MISSING_MESSAGE: OptimumConditions (en)
    at <unknown> (.next/server/chunks/ssr/_03d8e486._.js:1:328)
    at <unknown> (.next/server/chunks/ssr/_03d8e486._.js:1:360)
    at <unknown> (.next/server/chunks/ssr/_03d8e486._.js:1:465)
    at <unknown> (.next/server/chunks/ssr/[root-of-the-server]__35851e98._.js:1:441)
    at async p (.next/server/chunks/ssr/[root-of-the-server]__7d0c8714._.js:1:4407) {
  code: 'MISSING_MESSAGE',
  originalMessage: 'OptimumConditions (en)'
}
Error: MISSING_MESSAGE: OptimumConditions (en)
    at <unknown> (.next/server/chunks/ssr/_03d8e486._.js:1:328)
    at <unknown> (.next/server/chunks/ssr/_03d8e486._.js:1:360)
    at <unknown> (.next/server/chunks/ssr/_03d8e486._.js:1:465)
    at <unknown> (.next/server/chunks/ssr/[root-of-the-server]__35851e98._.js:1:441)
    at async p (.next/server/chunks/ssr/[root-of-the-server]__7d0c8714._.js:1:4407) {
  code: 'MISSING_MESSAGE',
  originalMessage: 'OptimumConditions (en)'
}
Error: MISSING_MESSAGE: OptimumConditions (en)
    at <unknown> (.next/server/chunks/ssr/_03d8e486._.js:1:328)
    at <unknown> (.next/server/chunks/ssr/_03d8e486._.js:1:360)
    at <unknown> (.next/server/chunks/ssr/_03d8e486._.js:1:465)
    at <unknown> (.next/server/chunks/ssr/[root-of-the-server]__35851e98._.js:1:441)
    at async p (.next/server/chunks/ssr/[root-of-the-server]__7d0c8714._.js:1:4407) {
  code: 'MISSING_MESSAGE',
  originalMessage: 'OptimumConditions (en)'
}
Error: MISSING_MESSAGE: OptimumConditions (en)
    at <unknown> (.next/server/chunks/ssr/_03d8e486._.js:1:328)
    at <unknown> (.next/server/chunks/ssr/_03d8e486._.js:1:360)
    at <unknown> (.next/server/chunks/ssr/_03d8e486._.js:1:465)
    at <unknown> (.next/server/chunks/ssr/[root-of-the-server]__35851e98._.js:1:441)
    at async p (.next/server/chunks/ssr/[root-of-the-server]__7d0c8714._.js:1:4407) {
  code: 'MISSING_MESSAGE',
  originalMessage: 'OptimumConditions (en)'
}
Error: MISSING_MESSAGE: OptimumConditions (en)
    at <unknown> (.next/server/chunks/ssr/_03d8e486._.js:1:328)
    at <unknown> (.next/server/chunks/ssr/_03d8e486._.js:1:360)
    at <unknown> (.next/server/chunks/ssr/_03d8e486._.js:1:465)
    at <unknown> (.next/server/chunks/ssr/[root-of-the-server]__35851e98._.js:1:441)
    at async p (.next/server/chunks/ssr/[root-of-the-server]__7d0c8714._.js:1:4407) {
  code: 'MISSING_MESSAGE',
  originalMessage: 'OptimumConditions (en)'
}
Error: MISSING_MESSAGE: OptimumConditions (en)
    at <unknown> (.next/server/chunks/ssr/_03d8e486._.js:1:328)
    at <unknown> (.next/server/chunks/ssr/_03d8e486._.js:1:360)
    at <unknown> (.next/server/chunks/ssr/_03d8e486._.js:1:465)
    at <unknown> (.next/server/chunks/ssr/[root-of-the-server]__35851e98._.js:1:441)
    at async p (.next/server/chunks/ssr/[root-of-the-server]__7d0c8714._.js:1:4407) {
  code: 'MISSING_MESSAGE',
  originalMessage: 'OptimumConditions (en)'
}
Error: MISSING_MESSAGE: OptimumConditions (en)
    at <unknown> (.next/server/chunks/ssr/_03d8e486._.js:1:328)
    at <unknown> (.next/server/chunks/ssr/_03d8e486._.js:1:360)
    at <unknown> (.next/server/chunks/ssr/_03d8e486._.js:1:465)
    at <unknown> (.next/server/chunks/ssr/[root-of-the-server]__35851e98._.js:1:441)
    at async p (.next/server/chunks/ssr/[root-of-the-server]__7d0c8714._.js:1:4407) {
  code: 'MISSING_MESSAGE',
  originalMessage: 'OptimumConditions (en)'
}
Error: MISSING_MESSAGE: OptimumConditions (en)
    at <unknown> (.next/server/chunks/ssr/_03d8e486._.js:1:328)
    at <unknown> (.next/server/chunks/ssr/_03d8e486._.js:1:360)
    at <unknown> (.next/server/chunks/ssr/_03d8e486._.js:1:465)
    at <unknown> (.next/server/chunks/ssr/[root-of-the-server]__35851e98._.js:1:441)
    at async p (.next/server/chunks/ssr/[root-of-the-server]__7d0c8714._.js:1:4407) {
  code: 'MISSING_MESSAGE',
  originalMessage: 'OptimumConditions (en)'
}
Error: MISSING_MESSAGE: OptimumConditions (en)
    at <unknown> (.next/server/chunks/ssr/_03d8e486._.js:1:328)
    at <unknown> (.next/server/chunks/ssr/_03d8e486._.js:1:360)
    at <unknown> (.next/server/chunks/ssr/_03d8e486._.js:1:465)
    at <unknown> (.next/server/chunks/ssr/[root-of-the-server]__35851e98._.js:1:441)
    at async p (.next/server/chunks/ssr/[root-of-the-server]__7d0c8714._.js:1:4407) {
  code: 'MISSING_MESSAGE',
  originalMessage: 'OptimumConditions (en)'
}
Error: MISSING_MESSAGE: OptimumConditions (en)
    at <unknown> (.next/server/chunks/ssr/_03d8e486._.js:1:328)
    at <unknown> (.next/server/chunks/ssr/_03d8e486._.js:1:360)
    at <unknown> (.next/server/chunks/ssr/_03d8e486._.js:1:465)
    at <unknown> (.next/server/chunks/ssr/[root-of-the-server]__35851e98._.js:1:441)
    at async p (.next/server/chunks/ssr/[root-of-the-server]__7d0c8714._.js:1:4407) {
  code: 'MISSING_MESSAGE',
  originalMessage: 'OptimumConditions (en)'
}
Error: MISSING_MESSAGE: OptimumConditions (en)
    at <unknown> (.next/server/chunks/ssr/_03d8e486._.js:1:328)
    at <unknown> (.next/server/chunks/ssr/_03d8e486._.js:1:360)
    at <unknown> (.next/server/chunks/ssr/_03d8e486._.js:1:465)
    at <unknown> (.next/server/chunks/ssr/[root-of-the-server]__35851e98._.js:1:441)
    at async p (.next/server/chunks/ssr/[root-of-the-server]__7d0c8714._.js:1:4407) {
  code: 'MISSING_MESSAGE',
  originalMessage: 'OptimumConditions (en)'
}
Error: MISSING_MESSAGE: OptimumConditions (en)
    at <unknown> (.next/server/chunks/ssr/_03d8e486._.js:1:328)
    at <unknown> (.next/server/chunks/ssr/_03d8e486._.js:1:360)
    at <unknown> (.next/server/chunks/ssr/_03d8e486._.js:1:465)
    at <unknown> (.next/server/chunks/ssr/[root-of-the-server]__35851e98._.js:1:441)
    at async p (.next/server/chunks/ssr/[root-of-the-server]__7d0c8714._.js:1:4407) {
  code: 'MISSING_MESSAGE',
  originalMessage: 'OptimumConditions (en)'
}
Error: MISSING_MESSAGE: OptimumConditions (en)
    at <unknown> (.next/server/chunks/ssr/_03d8e486._.js:1:328)
    at <unknown> (.next/server/chunks/ssr/_03d8e486._.js:1:360)
    at <unknown> (.next/server/chunks/ssr/_03d8e486._.js:1:465)
    at <unknown> (.next/server/chunks/ssr/[root-of-the-server]__35851e98._.js:1:441)
    at async p (.next/server/chunks/ssr/[root-of-the-server]__7d0c8714._.js:1:4407) {
  code: 'MISSING_MESSAGE',
  originalMessage: 'OptimumConditions (en)'
}
Error: MISSING_MESSAGE: OptimumConditions (en)
    at <unknown> (.next/server/chunks/ssr/_03d8e486._.js:1:328)
    at <unknown> (.next/server/chunks/ssr/_03d8e486._.js:1:360)
    at <unknown> (.next/server/chunks/ssr/_03d8e486._.js:1:465)
    at <unknown> (.next/server/chunks/ssr/[root-of-the-server]__35851e98._.js:1:441)
    at async p (.next/server/chunks/ssr/[root-of-the-server]__7d0c8714._.js:1:4407) {
  code: 'MISSING_MESSAGE',
  originalMessage: 'OptimumConditions (en)'
}
Error: MISSING_MESSAGE: Footer.address (en)
    at j (.next/server/chunks/ssr/_f9f6f050._.js:3:6971) {
  code: 'MISSING_MESSAGE',
  originalMessage: 'Footer.address (en)'
}
Error: MISSING_MESSAGE: Footer.rightsReserved (en)
    at j (.next/server/chunks/ssr/_f9f6f050._.js:3:7725) {
  code: 'MISSING_MESSAGE',
  originalMessage: 'Footer.rightsReserved (en)'
}
Error: MISSING_MESSAGE: AboutNew (en)
    at <unknown> (.next/server/chunks/ssr/_03d8e486._.js:1:328)
    at <unknown> (.next/server/chunks/ssr/_03d8e486._.js:1:360)
    at <unknown> (.next/server/chunks/ssr/_03d8e486._.js:1:465)
    at <unknown> (.next/server/chunks/ssr/[root-of-the-server]__35851e98._.js:1:441)
    at async e (.next/server/chunks/ssr/[root-of-the-server]__b29d6225._.js:1:750) {
  code: 'MISSING_MESSAGE',
  originalMessage: 'AboutNew (en)'
}
Error: MISSING_MESSAGE: AboutNew (en)
    at <unknown> (.next/server/chunks/ssr/_03d8e486._.js:1:328)
    at <unknown> (.next/server/chunks/ssr/_03d8e486._.js:1:360)
    at <unknown> (.next/server/chunks/ssr/_03d8e486._.js:1:465)
    at <unknown> (.next/server/chunks/ssr/[root-of-the-server]__35851e98._.js:1:441)
    at async e (.next/server/chunks/ssr/[root-of-the-server]__b29d6225._.js:1:750) {
  code: 'MISSING_MESSAGE',
  originalMessage: 'AboutNew (en)'
}
Error: MISSING_MESSAGE: AboutNew (en)
    at <unknown> (.next/server/chunks/ssr/_03d8e486._.js:1:328)
    at <unknown> (.next/server/chunks/ssr/_03d8e486._.js:1:360)
    at <unknown> (.next/server/chunks/ssr/_03d8e486._.js:1:465)
    at <unknown> (.next/server/chunks/ssr/[root-of-the-server]__35851e98._.js:1:441)
    at async e (.next/server/chunks/ssr/[root-of-the-server]__b29d6225._.js:1:750) {
  code: 'MISSING_MESSAGE',
  originalMessage: 'AboutNew (en)'
}
Error: MISSING_MESSAGE: AboutNew (en)
    at <unknown> (.next/server/chunks/ssr/_03d8e486._.js:1:328)
    at <unknown> (.next/server/chunks/ssr/_03d8e486._.js:1:360)
    at <unknown> (.next/server/chunks/ssr/_03d8e486._.js:1:465)
    at <unknown> (.next/server/chunks/ssr/[root-of-the-server]__35851e98._.js:1:441)
    at async e (.next/server/chunks/ssr/[root-of-the-server]__b29d6225._.js:1:750) {
  code: 'MISSING_MESSAGE',
  originalMessage: 'AboutNew (en)'
}
Error: MISSING_MESSAGE: AboutNew (en)
    at <unknown> (.next/server/chunks/ssr/_03d8e486._.js:1:328)
    at <unknown> (.next/server/chunks/ssr/_03d8e486._.js:1:360)
    at <unknown> (.next/server/chunks/ssr/_03d8e486._.js:1:465)
    at <unknown> (.next/server/chunks/ssr/[root-of-the-server]__35851e98._.js:1:441)
    at async e (.next/server/chunks/ssr/[root-of-the-server]__b29d6225._.js:1:750) {
  code: 'MISSING_MESSAGE',
  originalMessage: 'AboutNew (en)'
}
Error: MISSING_MESSAGE: AboutNew (en)
    at <unknown> (.next/server/chunks/ssr/_03d8e486._.js:1:328)
    at <unknown> (.next/server/chunks/ssr/_03d8e486._.js:1:360)
    at <unknown> (.next/server/chunks/ssr/_03d8e486._.js:1:465)
    at <unknown> (.next/server/chunks/ssr/[root-of-the-server]__35851e98._.js:1:441)
    at async e (.next/server/chunks/ssr/[root-of-the-server]__b29d6225._.js:1:750) {
  code: 'MISSING_MESSAGE',
  originalMessage: 'AboutNew (en)'
}
Error: MISSING_MESSAGE: AboutNew (en)
    at <unknown> (.next/server/chunks/ssr/_03d8e486._.js:1:328)
    at <unknown> (.next/server/chunks/ssr/_03d8e486._.js:1:360)
    at <unknown> (.next/server/chunks/ssr/_03d8e486._.js:1:465)
    at <unknown> (.next/server/chunks/ssr/[root-of-the-server]__35851e98._.js:1:441)
    at async e (.next/server/chunks/ssr/[root-of-the-server]__b29d6225._.js:1:750) {
  code: 'MISSING_MESSAGE',
  originalMessage: 'AboutNew (en)'
}
Error: MISSING_MESSAGE: AboutNew (en)
    at <unknown> (.next/server/chunks/ssr/_03d8e486._.js:1:328)
    at <unknown> (.next/server/chunks/ssr/_03d8e486._.js:1:360)
    at <unknown> (.next/server/chunks/ssr/_03d8e486._.js:1:465)
    at <unknown> (.next/server/chunks/ssr/[root-of-the-server]__35851e98._.js:1:441)
    at async e (.next/server/chunks/ssr/[root-of-the-server]__b29d6225._.js:1:750) {
  code: 'MISSING_MESSAGE',
  originalMessage: 'AboutNew (en)'
}
Error: MISSING_MESSAGE: AboutNew (en)
    at <unknown> (.next/server/chunks/ssr/_03d8e486._.js:1:328)
    at <unknown> (.next/server/chunks/ssr/_03d8e486._.js:1:360)
    at <unknown> (.next/server/chunks/ssr/_03d8e486._.js:1:465)
    at <unknown> (.next/server/chunks/ssr/[root-of-the-server]__35851e98._.js:1:441)
    at async e (.next/server/chunks/ssr/[root-of-the-server]__b29d6225._.js:1:750) {
  code: 'MISSING_MESSAGE',
  originalMessage: 'AboutNew (en)'
}
Error: MISSING_MESSAGE: AboutNew (en)
    at <unknown> (.next/server/chunks/ssr/_03d8e486._.js:1:328)
    at <unknown> (.next/server/chunks/ssr/_03d8e486._.js:1:360)
    at <unknown> (.next/server/chunks/ssr/_03d8e486._.js:1:465)
    at <unknown> (.next/server/chunks/ssr/[root-of-the-server]__35851e98._.js:1:441)
    at async e (.next/server/chunks/ssr/[root-of-the-server]__b29d6225._.js:1:750) {
  code: 'MISSING_MESSAGE',
  originalMessage: 'AboutNew (en)'
}
Error: MISSING_MESSAGE: AboutNew (en)
    at <unknown> (.next/server/chunks/ssr/_03d8e486._.js:1:328)
    at <unknown> (.next/server/chunks/ssr/_03d8e486._.js:1:360)
    at <unknown> (.next/server/chunks/ssr/_03d8e486._.js:1:465)
    at <unknown> (.next/server/chunks/ssr/[root-of-the-server]__35851e98._.js:1:441)
    at async e (.next/server/chunks/ssr/[root-of-the-server]__b29d6225._.js:1:750) {
  code: 'MISSING_MESSAGE',
  originalMessage: 'AboutNew (en)'
}
Error: MISSING_MESSAGE: AboutNew (en)
    at <unknown> (.next/server/chunks/ssr/_03d8e486._.js:1:328)
    at <unknown> (.next/server/chunks/ssr/_03d8e486._.js:1:360)
    at <unknown> (.next/server/chunks/ssr/_03d8e486._.js:1:465)
    at <unknown> (.next/server/chunks/ssr/[root-of-the-server]__35851e98._.js:1:441)
    at async e (.next/server/chunks/ssr/[root-of-the-server]__b29d6225._.js:1:750) {
  code: 'MISSING_MESSAGE',
  originalMessage: 'AboutNew (en)'
}
Error: MISSING_MESSAGE: AboutNew (en)
    at <unknown> (.next/server/chunks/ssr/_03d8e486._.js:1:328)
    at <unknown> (.next/server/chunks/ssr/_03d8e486._.js:1:360)
    at <unknown> (.next/server/chunks/ssr/_03d8e486._.js:1:465)
    at <unknown> (.next/server/chunks/ssr/[root-of-the-server]__35851e98._.js:1:441)
    at async e (.next/server/chunks/ssr/[root-of-the-server]__b29d6225._.js:1:750) {
  code: 'MISSING_MESSAGE',
  originalMessage: 'AboutNew (en)'
}
Error: MISSING_MESSAGE: Footer.address (en)
    at j (.next/server/chunks/ssr/_f9f6f050._.js:3:6971) {
  code: 'MISSING_MESSAGE',
  originalMessage: 'Footer.address (en)'
}
Error: MISSING_MESSAGE: Footer.rightsReserved (en)
    at j (.next/server/chunks/ssr/_f9f6f050._.js:3:7725) {
  code: 'MISSING_MESSAGE',
  originalMessage: 'Footer.rightsReserved (en)'
}
⨯ Error [PrismaClientInitializationError]: 
Invalid `prisma.catalog.findMany()` invocation:


error: Environment variable not found: DATABASE_URL.
  -->  schema.prisma:11
   | 
10 |   provider = "mysql"
11 |   url      = env("DATABASE_URL")
   | 

Validation Error Count: 1
    at <unknown> (-->  schema.prisma:11)
    at async j (.next/server/chunks/ssr/[root-of-the-server]__63736f44._.js:1:3080) {
  clientVersion: '5.16.0',
  errorCode: undefined,
  digest: '2514970526'
}
Error [PrismaClientInitializationError]: 
Invalid `prisma.catalog.findMany()` invocation:


error: Environment variable not found: DATABASE_URL.
  -->  schema.prisma:11
   | 
10 |   provider = "mysql"
11 |   url      = env("DATABASE_URL")
   | 

Validation Error Count: 1
    at <unknown> (-->  schema.prisma:11)
    at async j (.next/server/chunks/ssr/[root-of-the-server]__63736f44._.js:1:3080) {
  clientVersion: '5.16.0',
  errorCode: undefined,
  digest: '2514970526'
}
⨯ Error [PrismaClientInitializationError]: 
Invalid `prisma.catalog.findMany()` invocation:


error: Environment variable not found: DATABASE_URL.
  -->  schema.prisma:11
   | 
10 |   provider = "mysql"
11 |   url      = env("DATABASE_URL")
   | 

Validation Error Count: 1
    at <unknown> (-->  schema.prisma:11)
    at async j (.next/server/chunks/ssr/[root-of-the-server]__63736f44._.js:1:3080) {
  clientVersion: '5.16.0',
  errorCode: undefined,
  digest: '2514970526'
}
⨯ Error [PrismaClientInitializationError]: 
Invalid `prisma.catalog.findMany()` invocation:


error: Environment variable not found: DATABASE_URL.
  -->  schema.prisma:11
   | 
10 |   provider = "mysql"
11 |   url      = env("DATABASE_URL")
   | 

Validation Error Count: 1
    at <unknown> (-->  schema.prisma:11)
    at async j (.next/server/chunks/ssr/[root-of-the-server]__63736f44._.js:1:3080) {
  clientVersion: '5.16.0',
  errorCode: undefined,
  digest: '2514970526'
}
Error: MISSING_MESSAGE: Blog (en)
    at <unknown> (.next/server/chunks/ssr/_03d8e486._.js:1:328)
    at <unknown> (.next/server/chunks/ssr/_03d8e486._.js:1:360)
    at <unknown> (.next/server/chunks/ssr/_03d8e486._.js:1:465)
    at <unknown> (.next/server/chunks/ssr/[root-of-the-server]__35851e98._.js:1:441)
    at async g (.next/server/chunks/ssr/[root-of-the-server]__6e02be8c._.js:1:995) {
  code: 'MISSING_MESSAGE',
  originalMessage: 'Blog (en)'
}
Error: MISSING_MESSAGE: Footer.address (en)
    at j (.next/server/chunks/ssr/_f9f6f050._.js:3:6971) {
  code: 'MISSING_MESSAGE',
  originalMessage: 'Footer.address (en)'
}
Error: MISSING_MESSAGE: Footer.rightsReserved (en)
    at j (.next/server/chunks/ssr/_f9f6f050._.js:3:7725) {
  code: 'MISSING_MESSAGE',
  originalMessage: 'Footer.rightsReserved (en)'
}
Error: MISSING_MESSAGE: Blog (en)
    at <unknown> (.next/server/chunks/ssr/_03d8e486._.js:1:328)
    at <unknown> (.next/server/chunks/ssr/_03d8e486._.js:1:360)
    at <unknown> (.next/server/chunks/ssr/_03d8e486._.js:1:465)
    at <unknown> (.next/server/chunks/ssr/[root-of-the-server]__35851e98._.js:1:441)
    at async g (.next/server/chunks/ssr/[root-of-the-server]__6e02be8c._.js:1:995) {
  code: 'MISSING_MESSAGE',
  originalMessage: 'Blog (en)'
}
Error: MISSING_MESSAGE: Blog (en)
    at <unknown> (.next/server/chunks/ssr/_03d8e486._.js:1:328)
    at <unknown> (.next/server/chunks/ssr/_03d8e486._.js:1:360)
    at <unknown> (.next/server/chunks/ssr/_03d8e486._.js:1:465)
    at <unknown> (.next/server/chunks/ssr/[root-of-the-server]__35851e98._.js:1:441)
    at async g (.next/server/chunks/ssr/[root-of-the-server]__6e02be8c._.js:1:995) {
  code: 'MISSING_MESSAGE',
  originalMessage: 'Blog (en)'
}
⨯ TypeError: i.map is not a function
    at g (.next/server/chunks/ssr/[root-of-the-server]__6e02be8c._.js:1:3026) {
  digest: '2013957888'
}
TypeError: i.map is not a function
    at g (.next/server/chunks/ssr/[root-of-the-server]__6e02be8c._.js:1:3026) {
  digest: '2013957888'
}
⨯ TypeError: i.map is not a function
    at g (.next/server/chunks/ssr/[root-of-the-server]__6e02be8c._.js:1:3026) {
  digest: '2013957888'
}
⨯ TypeError: i.map is not a function
    at g (.next/server/chunks/ssr/[root-of-the-server]__6e02be8c._.js:1:3026) {
  digest: '2013957888'
}
Error: MISSING_MESSAGE: Footer.address (en)
    at j (.next/server/chunks/ssr/_f9f6f050._.js:3:6971) {
  code: 'MISSING_MESSAGE',
  originalMessage: 'Footer.address (en)'
}
Error: MISSING_MESSAGE: Footer.rightsReserved (en)
    at j (.next/server/chunks/ssr/_f9f6f050._.js:3:7725) {
  code: 'MISSING_MESSAGE',
  originalMessage: 'Footer.rightsReserved (en)'
}
Error: MISSING_MESSAGE: Footer.address (en)
    at j (.next/server/chunks/ssr/_f9f6f050._.js:3:6971) {
  code: 'MISSING_MESSAGE',
  originalMessage: 'Footer.address (en)'
}
Error: MISSING_MESSAGE: Footer.rightsReserved (en)
    at j (.next/server/chunks/ssr/_f9f6f050._.js:3:7725) {
  code: 'MISSING_MESSAGE',
  originalMessage: 'Footer.rightsReserved (en)'
}
⨯ Error [PrismaClientInitializationError]: 
Invalid `prisma.category.findUnique()` invocation:


error: Environment variable not found: DATABASE_URL.
  -->  schema.prisma:11
   | 
10 |   provider = "mysql"
11 |   url      = env("DATABASE_URL")
   | 

Validation Error Count: 1
    at <unknown> (-->  schema.prisma:11)
    at async h (.next/server/chunks/ssr/[root-of-the-server]__ec9df5af._.js:1:2698) {
  clientVersion: '5.16.0',
  errorCode: undefined,
  digest: '905238828'
}
⨯ Error [PrismaClientInitializationError]: 
Invalid `prisma.category.findUnique()` invocation:


error: Environment variable not found: DATABASE_URL.
  -->  schema.prisma:11
   | 
10 |   provider = "mysql"
11 |   url      = env("DATABASE_URL")
   | 

Validation Error Count: 1
    at <unknown> (-->  schema.prisma:11)
    at async h (.next/server/chunks/ssr/[root-of-the-server]__ec9df5af._.js:1:2698) {
  clientVersion: '5.16.0',
  errorCode: undefined,
  digest: '905238828'
}
Error [PrismaClientInitializationError]: 
Invalid `prisma.category.findUnique()` invocation:


error: Environment variable not found: DATABASE_URL.
  -->  schema.prisma:11
   | 
10 |   provider = "mysql"
11 |   url      = env("DATABASE_URL")
   | 

Validation Error Count: 1
    at <unknown> (-->  schema.prisma:11)
    at async h (.next/server/chunks/ssr/[root-of-the-server]__ec9df5af._.js:1:2698) {
  clientVersion: '5.16.0',
  errorCode: undefined,
  digest: '905238828'
}
⨯ Error [PrismaClientInitializationError]: 
Invalid `prisma.category.findUnique()` invocation:


error: Environment variable not found: DATABASE_URL.
  -->  schema.prisma:11
   | 
10 |   provider = "mysql"
11 |   url      = env("DATABASE_URL")
   | 

Validation Error Count: 1
    at <unknown> (-->  schema.prisma:11)
    at async h (.next/server/chunks/ssr/[root-of-the-server]__ec9df5af._.js:1:2698) {
  clientVersion: '5.16.0',
  errorCode: undefined,
  digest: '905238828'
}
⨯ Error [PrismaClientInitializationError]: 
Invalid `prisma.category.findUnique()` invocation:


error: Environment variable not found: DATABASE_URL.
  -->  schema.prisma:11
   | 
10 |   provider = "mysql"
11 |   url      = env("DATABASE_URL")
   | 

Validation Error Count: 1
    at <unknown> (-->  schema.prisma:11)
    at async h (.next/server/chunks/ssr/[root-of-the-server]__ec9df5af._.js:1:2698) {
  clientVersion: '5.16.0',
  errorCode: undefined,
  digest: '905238828'
}
Error [PrismaClientInitializationError]: 
Invalid `prisma.category.findUnique()` invocation:


error: Environment variable not found: DATABASE_URL.
  -->  schema.prisma:11
   | 
10 |   provider = "mysql"
11 |   url      = env("DATABASE_URL")
   | 

Validation Error Count: 1
    at <unknown> (-->  schema.prisma:11)
    at async h (.next/server/chunks/ssr/[root-of-the-server]__ec9df5af._.js:1:2698) {
  clientVersion: '5.16.0',
  errorCode: undefined,
  digest: '905238828'
}
⨯ Error [PrismaClientInitializationError]: 
Invalid `prisma.category.findUnique()` invocation:


error: Environment variable not found: DATABASE_URL.
  -->  schema.prisma:11
   | 
10 |   provider = "mysql"
11 |   url      = env("DATABASE_URL")
   | 

Validation Error Count: 1
    at <unknown> (-->  schema.prisma:11)
    at async h (.next/server/chunks/ssr/[root-of-the-server]__ec9df5af._.js:1:2698) {
  clientVersion: '5.16.0',
  errorCode: undefined,
  digest: '905238828'
}
⨯ Error [PrismaClientInitializationError]: 
Invalid `prisma.category.findUnique()` invocation:


error: Environment variable not found: DATABASE_URL.
  -->  schema.prisma:11
   | 
10 |   provider = "mysql"
11 |   url      = env("DATABASE_URL")
   | 

Validation Error Count: 1
    at <unknown> (-->  schema.prisma:11)
    at async h (.next/server/chunks/ssr/[root-of-the-server]__ec9df5af._.js:1:2698) {
  clientVersion: '5.16.0',
  errorCode: undefined,
  digest: '905238828'
}
Error: MISSING_MESSAGE: LocalRepresentatives (en)
    at <unknown> (.next/server/chunks/ssr/_03d8e486._.js:1:328)
    at <unknown> (.next/server/chunks/ssr/_03d8e486._.js:1:360)
    at <unknown> (.next/server/chunks/ssr/_03d8e486._.js:1:465)
    at <unknown> (.next/server/chunks/ssr/[root-of-the-server]__35851e98._.js:1:441)
    at async f (.next/server/chunks/ssr/[root-of-the-server]__91ec9e97._.js:1:954) {
  code: 'MISSING_MESSAGE',
  originalMessage: 'LocalRepresentatives (en)'
}
Error: MISSING_MESSAGE: LocalRepresentatives (en)
    at <unknown> (.next/server/chunks/ssr/_03d8e486._.js:1:328)
    at <unknown> (.next/server/chunks/ssr/_03d8e486._.js:1:360)
    at <unknown> (.next/server/chunks/ssr/_03d8e486._.js:1:465)
    at <unknown> (.next/server/chunks/ssr/[root-of-the-server]__35851e98._.js:1:441)
    at async f (.next/server/chunks/ssr/[root-of-the-server]__91ec9e97._.js:1:954) {
  code: 'MISSING_MESSAGE',
  originalMessage: 'LocalRepresentatives (en)'
}
Error: MISSING_MESSAGE: LocalRepresentatives (en)
    at <unknown> (.next/server/chunks/ssr/_03d8e486._.js:1:328)
    at <unknown> (.next/server/chunks/ssr/_03d8e486._.js:1:360)
    at <unknown> (.next/server/chunks/ssr/_03d8e486._.js:1:465)
    at <unknown> (.next/server/chunks/ssr/[root-of-the-server]__35851e98._.js:1:441)
    at async f (.next/server/chunks/ssr/[root-of-the-server]__91ec9e97._.js:1:954) {
  code: 'MISSING_MESSAGE',
  originalMessage: 'LocalRepresentatives (en)'
}
Error: MISSING_MESSAGE: LocalRepresentatives (en)
    at <unknown> (.next/server/chunks/ssr/_03d8e486._.js:1:328)
    at <unknown> (.next/server/chunks/ssr/_03d8e486._.js:1:360)
    at <unknown> (.next/server/chunks/ssr/_03d8e486._.js:1:465)
    at <unknown> (.next/server/chunks/ssr/[root-of-the-server]__35851e98._.js:1:441)
    at async f (.next/server/chunks/ssr/[root-of-the-server]__91ec9e97._.js:1:954) {
  code: 'MISSING_MESSAGE',
  originalMessage: 'LocalRepresentatives (en)'
}
Error: MISSING_MESSAGE: LocalRepresentatives (en)
    at <unknown> (.next/server/chunks/ssr/_03d8e486._.js:1:328)
    at <unknown> (.next/server/chunks/ssr/_03d8e486._.js:1:360)
    at <unknown> (.next/server/chunks/ssr/_03d8e486._.js:1:465)
    at <unknown> (.next/server/chunks/ssr/[root-of-the-server]__35851e98._.js:1:441)
    at async f (.next/server/chunks/ssr/[root-of-the-server]__91ec9e97._.js:1:954) {
  code: 'MISSING_MESSAGE',
  originalMessage: 'LocalRepresentatives (en)'
}
Error: MISSING_MESSAGE: LocalRepresentatives (en)
    at <unknown> (.next/server/chunks/ssr/_03d8e486._.js:1:328)
    at <unknown> (.next/server/chunks/ssr/_03d8e486._.js:1:360)
    at <unknown> (.next/server/chunks/ssr/_03d8e486._.js:1:465)
    at <unknown> (.next/server/chunks/ssr/[root-of-the-server]__35851e98._.js:1:441)
    at async f (.next/server/chunks/ssr/[root-of-the-server]__91ec9e97._.js:1:954) {
  code: 'MISSING_MESSAGE',
  originalMessage: 'LocalRepresentatives (en)'
}
Error: MISSING_MESSAGE: LocalRepresentatives (en)
    at <unknown> (.next/server/chunks/ssr/_03d8e486._.js:1:328)
    at <unknown> (.next/server/chunks/ssr/_03d8e486._.js:1:360)
    at <unknown> (.next/server/chunks/ssr/_03d8e486._.js:1:465)
    at <unknown> (.next/server/chunks/ssr/[root-of-the-server]__35851e98._.js:1:441)
    at async f (.next/server/chunks/ssr/[root-of-the-server]__91ec9e97._.js:1:954) {
  code: 'MISSING_MESSAGE',
  originalMessage: 'LocalRepresentatives (en)'
}
Error: MISSING_MESSAGE: LocalRepresentatives (en)
    at <unknown> (.next/server/chunks/ssr/_03d8e486._.js:1:328)
    at <unknown> (.next/server/chunks/ssr/_03d8e486._.js:1:360)
    at <unknown> (.next/server/chunks/ssr/_03d8e486._.js:1:465)
    at <unknown> (.next/server/chunks/ssr/[root-of-the-server]__35851e98._.js:1:441)
    at async f (.next/server/chunks/ssr/[root-of-the-server]__91ec9e97._.js:1:954) {
  code: 'MISSING_MESSAGE',
  originalMessage: 'LocalRepresentatives (en)'
}
Error: MISSING_MESSAGE: LocalRepresentatives (en)
    at <unknown> (.next/server/chunks/ssr/_03d8e486._.js:1:328)
    at <unknown> (.next/server/chunks/ssr/_03d8e486._.js:1:360)
    at <unknown> (.next/server/chunks/ssr/_03d8e486._.js:1:465)
    at <unknown> (.next/server/chunks/ssr/[root-of-the-server]__35851e98._.js:1:441)
    at async f (.next/server/chunks/ssr/[root-of-the-server]__91ec9e97._.js:1:954) {
  code: 'MISSING_MESSAGE',
  originalMessage: 'LocalRepresentatives (en)'
}
Error: MISSING_MESSAGE: LocalRepresentatives (en)
    at <unknown> (.next/server/chunks/ssr/_03d8e486._.js:1:328)
    at <unknown> (.next/server/chunks/ssr/_03d8e486._.js:1:360)
    at <unknown> (.next/server/chunks/ssr/_03d8e486._.js:1:465)
    at <unknown> (.next/server/chunks/ssr/[root-of-the-server]__35851e98._.js:1:441)
    at async f (.next/server/chunks/ssr/[root-of-the-server]__91ec9e97._.js:1:954) {
  code: 'MISSING_MESSAGE',
  originalMessage: 'LocalRepresentatives (en)'
}
Error: MISSING_MESSAGE: Footer.address (en)
    at j (.next/server/chunks/ssr/_f9f6f050._.js:3:6971) {
  code: 'MISSING_MESSAGE',
  originalMessage: 'Footer.address (en)'
}
Error: MISSING_MESSAGE: Footer.rightsReserved (en)
    at j (.next/server/chunks/ssr/_f9f6f050._.js:3:7725) {
  code: 'MISSING_MESSAGE',
  originalMessage: 'Footer.rightsReserved (en)'
}
Error: MISSING_MESSAGE: LocalRepresentatives (en)
    at <unknown> (.next/server/chunks/ssr/_03d8e486._.js:1:328)
    at <unknown> (.next/server/chunks/ssr/_03d8e486._.js:1:360)
    at <unknown> (.next/server/chunks/ssr/_03d8e486._.js:1:465)
    at <unknown> (.next/server/chunks/ssr/[root-of-the-server]__35851e98._.js:1:441)
    at async f (.next/server/chunks/ssr/[root-of-the-server]__91ec9e97._.js:1:954) {
  code: 'MISSING_MESSAGE',
  originalMessage: 'LocalRepresentatives (en)'
}
Error: MISSING_MESSAGE: LocalRepresentatives (en)
    at <unknown> (.next/server/chunks/ssr/_03d8e486._.js:1:328)
    at <unknown> (.next/server/chunks/ssr/_03d8e486._.js:1:360)
    at <unknown> (.next/server/chunks/ssr/_03d8e486._.js:1:465)
    at <unknown> (.next/server/chunks/ssr/[root-of-the-server]__35851e98._.js:1:441)
    at async f (.next/server/chunks/ssr/[root-of-the-server]__91ec9e97._.js:1:954) {
  code: 'MISSING_MESSAGE',
  originalMessage: 'LocalRepresentatives (en)'
}
Error: MISSING_MESSAGE: ExportDepartment (en)
    at <unknown> (.next/server/chunks/ssr/_03d8e486._.js:1:328)
    at <unknown> (.next/server/chunks/ssr/_03d8e486._.js:1:360)
    at <unknown> (.next/server/chunks/ssr/_03d8e486._.js:1:465)
    at <unknown> (.next/server/chunks/ssr/[root-of-the-server]__35851e98._.js:1:441)
    at async f (.next/server/chunks/ssr/[root-of-the-server]__24ffc2e4._.js:1:950) {
  code: 'MISSING_MESSAGE',
  originalMessage: 'ExportDepartment (en)'
}
Error: MISSING_MESSAGE: ExportDepartment (en)
    at <unknown> (.next/server/chunks/ssr/_03d8e486._.js:1:328)
    at <unknown> (.next/server/chunks/ssr/_03d8e486._.js:1:360)
    at <unknown> (.next/server/chunks/ssr/_03d8e486._.js:1:465)
    at <unknown> (.next/server/chunks/ssr/[root-of-the-server]__35851e98._.js:1:441)
    at async f (.next/server/chunks/ssr/[root-of-the-server]__24ffc2e4._.js:1:950) {
  code: 'MISSING_MESSAGE',
  originalMessage: 'ExportDepartment (en)'
}
Error: MISSING_MESSAGE: ExportDepartment (en)
    at <unknown> (.next/server/chunks/ssr/_03d8e486._.js:1:328)
    at <unknown> (.next/server/chunks/ssr/_03d8e486._.js:1:360)
    at <unknown> (.next/server/chunks/ssr/_03d8e486._.js:1:465)
    at <unknown> (.next/server/chunks/ssr/[root-of-the-server]__35851e98._.js:1:441)
    at async f (.next/server/chunks/ssr/[root-of-the-server]__24ffc2e4._.js:1:950) {
  code: 'MISSING_MESSAGE',
  originalMessage: 'ExportDepartment (en)'
}
Error: MISSING_MESSAGE: ExportDepartment (en)
    at <unknown> (.next/server/chunks/ssr/_03d8e486._.js:1:328)
    at <unknown> (.next/server/chunks/ssr/_03d8e486._.js:1:360)
    at <unknown> (.next/server/chunks/ssr/_03d8e486._.js:1:465)
    at <unknown> (.next/server/chunks/ssr/[root-of-the-server]__35851e98._.js:1:441)
    at async f (.next/server/chunks/ssr/[root-of-the-server]__24ffc2e4._.js:1:950) {
  code: 'MISSING_MESSAGE',
  originalMessage: 'ExportDepartment (en)'
}
Error: MISSING_MESSAGE: ExportDepartment (en)
    at <unknown> (.next/server/chunks/ssr/_03d8e486._.js:1:328)
    at <unknown> (.next/server/chunks/ssr/_03d8e486._.js:1:360)
    at <unknown> (.next/server/chunks/ssr/_03d8e486._.js:1:465)
    at <unknown> (.next/server/chunks/ssr/[root-of-the-server]__35851e98._.js:1:441)
    at async f (.next/server/chunks/ssr/[root-of-the-server]__24ffc2e4._.js:1:950) {
  code: 'MISSING_MESSAGE',
  originalMessage: 'ExportDepartment (en)'
}
Error: MISSING_MESSAGE: ExportDepartment (en)
    at <unknown> (.next/server/chunks/ssr/_03d8e486._.js:1:328)
    at <unknown> (.next/server/chunks/ssr/_03d8e486._.js:1:360)
    at <unknown> (.next/server/chunks/ssr/_03d8e486._.js:1:465)
    at <unknown> (.next/server/chunks/ssr/[root-of-the-server]__35851e98._.js:1:441)
    at async f (.next/server/chunks/ssr/[root-of-the-server]__24ffc2e4._.js:1:950) {
  code: 'MISSING_MESSAGE',
  originalMessage: 'ExportDepartment (en)'
}
Error: MISSING_MESSAGE: ExportDepartment (en)
    at <unknown> (.next/server/chunks/ssr/_03d8e486._.js:1:328)
    at <unknown> (.next/server/chunks/ssr/_03d8e486._.js:1:360)
    at <unknown> (.next/server/chunks/ssr/_03d8e486._.js:1:465)
    at <unknown> (.next/server/chunks/ssr/[root-of-the-server]__35851e98._.js:1:441)
    at async f (.next/server/chunks/ssr/[root-of-the-server]__24ffc2e4._.js:1:950) {
  code: 'MISSING_MESSAGE',
  originalMessage: 'ExportDepartment (en)'
}
Error: MISSING_MESSAGE: ExportDepartment (en)
    at <unknown> (.next/server/chunks/ssr/_03d8e486._.js:1:328)
    at <unknown> (.next/server/chunks/ssr/_03d8e486._.js:1:360)
    at <unknown> (.next/server/chunks/ssr/_03d8e486._.js:1:465)
    at <unknown> (.next/server/chunks/ssr/[root-of-the-server]__35851e98._.js:1:441)
    at async f (.next/server/chunks/ssr/[root-of-the-server]__24ffc2e4._.js:1:950) {
  code: 'MISSING_MESSAGE',
  originalMessage: 'ExportDepartment (en)'
}
Error: MISSING_MESSAGE: ExportDepartment (en)
    at <unknown> (.next/server/chunks/ssr/_03d8e486._.js:1:328)
    at <unknown> (.next/server/chunks/ssr/_03d8e486._.js:1:360)
    at <unknown> (.next/server/chunks/ssr/_03d8e486._.js:1:465)
    at <unknown> (.next/server/chunks/ssr/[root-of-the-server]__35851e98._.js:1:441)
    at async f (.next/server/chunks/ssr/[root-of-the-server]__24ffc2e4._.js:1:950) {
  code: 'MISSING_MESSAGE',
  originalMessage: 'ExportDepartment (en)'
}
Error: MISSING_MESSAGE: ExportDepartment (en)
    at <unknown> (.next/server/chunks/ssr/_03d8e486._.js:1:328)
    at <unknown> (.next/server/chunks/ssr/_03d8e486._.js:1:360)
    at <unknown> (.next/server/chunks/ssr/_03d8e486._.js:1:465)
    at <unknown> (.next/server/chunks/ssr/[root-of-the-server]__35851e98._.js:1:441)
    at async f (.next/server/chunks/ssr/[root-of-the-server]__24ffc2e4._.js:1:950) {
  code: 'MISSING_MESSAGE',
  originalMessage: 'ExportDepartment (en)'
}
Error: MISSING_MESSAGE: ExportDepartment (en)
    at <unknown> (.next/server/chunks/ssr/_03d8e486._.js:1:328)
    at <unknown> (.next/server/chunks/ssr/_03d8e486._.js:1:360)
    at <unknown> (.next/server/chunks/ssr/_03d8e486._.js:1:465)
    at <unknown> (.next/server/chunks/ssr/[root-of-the-server]__35851e98._.js:1:441)
    at async f (.next/server/chunks/ssr/[root-of-the-server]__24ffc2e4._.js:1:950) {
  code: 'MISSING_MESSAGE',
  originalMessage: 'ExportDepartment (en)'
}
Error: MISSING_MESSAGE: ExportDepartment (en)
    at <unknown> (.next/server/chunks/ssr/_03d8e486._.js:1:328)
    at <unknown> (.next/server/chunks/ssr/_03d8e486._.js:1:360)
    at <unknown> (.next/server/chunks/ssr/_03d8e486._.js:1:465)
    at <unknown> (.next/server/chunks/ssr/[root-of-the-server]__35851e98._.js:1:441)
    at async f (.next/server/chunks/ssr/[root-of-the-server]__24ffc2e4._.js:1:950) {
  code: 'MISSING_MESSAGE',
  originalMessage: 'ExportDepartment (en)'
}
Error: MISSING_MESSAGE: Footer.address (en)
    at j (.next/server/chunks/ssr/_f9f6f050._.js:3:6971) {
  code: 'MISSING_MESSAGE',
  originalMessage: 'Footer.address (en)'
}
Error: MISSING_MESSAGE: Footer.rightsReserved (en)
    at j (.next/server/chunks/ssr/_f9f6f050._.js:3:7725) {
  code: 'MISSING_MESSAGE',
  originalMessage: 'Footer.rightsReserved (en)'
}
Error: MISSING_MESSAGE: ExportDepartment (en)
    at <unknown> (.next/server/chunks/ssr/_03d8e486._.js:1:328)
    at <unknown> (.next/server/chunks/ssr/_03d8e486._.js:1:360)
    at <unknown> (.next/server/chunks/ssr/_03d8e486._.js:1:465)
    at <unknown> (.next/server/chunks/ssr/[root-of-the-server]__35851e98._.js:1:441)
    at async f (.next/server/chunks/ssr/[root-of-the-server]__24ffc2e4._.js:1:950) {
  code: 'MISSING_MESSAGE',
  originalMessage: 'ExportDepartment (en)'
}
Error: MISSING_MESSAGE: ExportDepartment (en)
    at <unknown> (.next/server/chunks/ssr/_03d8e486._.js:1:328)
    at <unknown> (.next/server/chunks/ssr/_03d8e486._.js:1:360)
    at <unknown> (.next/server/chunks/ssr/_03d8e486._.js:1:465)
    at <unknown> (.next/server/chunks/ssr/[root-of-the-server]__35851e98._.js:1:441)
    at async f (.next/server/chunks/ssr/[root-of-the-server]__24ffc2e4._.js:1:950) {
  code: 'MISSING_MESSAGE',
  originalMessage: 'ExportDepartment (en)'
}
Error: MISSING_MESSAGE: Footer.address (en)
    at j (.next/server/chunks/ssr/_f9f6f050._.js:3:6971) {
  code: 'MISSING_MESSAGE',
  originalMessage: 'Footer.address (en)'
}
Error: MISSING_MESSAGE: Footer.rightsReserved (en)
    at j (.next/server/chunks/ssr/_f9f6f050._.js:3:7725) {
  code: 'MISSING_MESSAGE',
  originalMessage: 'Footer.rightsReserved (en)'
}
Error: MISSING_MESSAGE: Headquarter (en)
    at <unknown> (.next/server/chunks/ssr/_03d8e486._.js:1:328)
    at <unknown> (.next/server/chunks/ssr/_03d8e486._.js:1:360)
    at <unknown> (.next/server/chunks/ssr/_03d8e486._.js:1:465)
    at <unknown> (.next/server/chunks/ssr/[root-of-the-server]__35851e98._.js:1:441)
    at async f (.next/server/chunks/ssr/[root-of-the-server]__56422738._.js:1:1146) {
  code: 'MISSING_MESSAGE',
  originalMessage: 'Headquarter (en)'
}
Error: MISSING_MESSAGE: Headquarter (en)
    at <unknown> (.next/server/chunks/ssr/_03d8e486._.js:1:328)
    at <unknown> (.next/server/chunks/ssr/_03d8e486._.js:1:360)
    at <unknown> (.next/server/chunks/ssr/_03d8e486._.js:1:465)
    at <unknown> (.next/server/chunks/ssr/[root-of-the-server]__35851e98._.js:1:441)
    at async f (.next/server/chunks/ssr/[root-of-the-server]__56422738._.js:1:1146) {
  code: 'MISSING_MESSAGE',
  originalMessage: 'Headquarter (en)'
}
Error: MISSING_MESSAGE: Headquarter (en)
    at <unknown> (.next/server/chunks/ssr/_03d8e486._.js:1:328)
    at <unknown> (.next/server/chunks/ssr/_03d8e486._.js:1:360)
    at <unknown> (.next/server/chunks/ssr/_03d8e486._.js:1:465)
    at <unknown> (.next/server/chunks/ssr/[root-of-the-server]__35851e98._.js:1:441)
    at async f (.next/server/chunks/ssr/[root-of-the-server]__56422738._.js:1:1146) {
  code: 'MISSING_MESSAGE',
  originalMessage: 'Headquarter (en)'
}
Error: MISSING_MESSAGE: Headquarter (en)
    at <unknown> (.next/server/chunks/ssr/_03d8e486._.js:1:328)
    at <unknown> (.next/server/chunks/ssr/_03d8e486._.js:1:360)
    at <unknown> (.next/server/chunks/ssr/_03d8e486._.js:1:465)
    at <unknown> (.next/server/chunks/ssr/[root-of-the-server]__35851e98._.js:1:441)
    at async f (.next/server/chunks/ssr/[root-of-the-server]__56422738._.js:1:1146) {
  code: 'MISSING_MESSAGE',
  originalMessage: 'Headquarter (en)'
}
Error: MISSING_MESSAGE: Headquarter (en)
    at <unknown> (.next/server/chunks/ssr/_03d8e486._.js:1:328)
    at <unknown> (.next/server/chunks/ssr/_03d8e486._.js:1:360)
    at <unknown> (.next/server/chunks/ssr/_03d8e486._.js:1:465)
    at <unknown> (.next/server/chunks/ssr/[root-of-the-server]__35851e98._.js:1:441)
    at async f (.next/server/chunks/ssr/[root-of-the-server]__56422738._.js:1:1146) {
  code: 'MISSING_MESSAGE',
  originalMessage: 'Headquarter (en)'
}
Error: MISSING_MESSAGE: Footer.address (en)
    at j (.next/server/chunks/ssr/_f9f6f050._.js:3:6971) {
  code: 'MISSING_MESSAGE',
  originalMessage: 'Footer.address (en)'
}
Error: MISSING_MESSAGE: Footer.rightsReserved (en)
    at j (.next/server/chunks/ssr/_f9f6f050._.js:3:7725) {
  code: 'MISSING_MESSAGE',
  originalMessage: 'Footer.rightsReserved (en)'
}
Error: MISSING_MESSAGE: About (en)
    at <unknown> (.next/server/chunks/ssr/_03d8e486._.js:1:328)
    at <unknown> (.next/server/chunks/ssr/_03d8e486._.js:1:360)
    at <unknown> (.next/server/chunks/ssr/_03d8e486._.js:1:465)
    at <unknown> (.next/server/chunks/ssr/[root-of-the-server]__35851e98._.js:1:441)
    at async g (.next/server/chunks/ssr/[root-of-the-server]__35851e98._.js:1:1168) {
  code: 'MISSING_MESSAGE',
  originalMessage: 'About (en)'
}
Error: MISSING_MESSAGE: About (en)
    at <unknown> (.next/server/chunks/ssr/_03d8e486._.js:1:328)
    at <unknown> (.next/server/chunks/ssr/_03d8e486._.js:1:360)
    at <unknown> (.next/server/chunks/ssr/_03d8e486._.js:1:465)
    at <unknown> (.next/server/chunks/ssr/[root-of-the-server]__35851e98._.js:1:441)
    at async g (.next/server/chunks/ssr/[root-of-the-server]__35851e98._.js:1:1168) {
  code: 'MISSING_MESSAGE',
  originalMessage: 'About (en)'
}
Error: MISSING_MESSAGE: Footer.address (en)
    at j (.next/server/chunks/ssr/_f9f6f050._.js:3:6971) {
  code: 'MISSING_MESSAGE',
  originalMessage: 'Footer.address (en)'
}
Error: MISSING_MESSAGE: Footer.rightsReserved (en)
    at j (.next/server/chunks/ssr/_f9f6f050._.js:3:7725) {
  code: 'MISSING_MESSAGE',
  originalMessage: 'Footer.rightsReserved (en)'
}
Error: MISSING_MESSAGE: About (en)
    at <unknown> (.next/server/chunks/ssr/_03d8e486._.js:1:328)
    at <unknown> (.next/server/chunks/ssr/_03d8e486._.js:1:360)
    at <unknown> (.next/server/chunks/ssr/_03d8e486._.js:1:465)
    at <unknown> (.next/server/chunks/ssr/[root-of-the-server]__35851e98._.js:1:441)
    at async g (.next/server/chunks/ssr/[root-of-the-server]__2d0c5a0b._.js:1:1180) {
  code: 'MISSING_MESSAGE',
  originalMessage: 'About (en)'
}
Error: MISSING_MESSAGE: About (en)
    at <unknown> (.next/server/chunks/ssr/_03d8e486._.js:1:328)
    at <unknown> (.next/server/chunks/ssr/_03d8e486._.js:1:360)
    at <unknown> (.next/server/chunks/ssr/_03d8e486._.js:1:465)
    at <unknown> (.next/server/chunks/ssr/[root-of-the-server]__35851e98._.js:1:441)
    at async g (.next/server/chunks/ssr/[root-of-the-server]__2d0c5a0b._.js:1:1180) {
  code: 'MISSING_MESSAGE',
  originalMessage: 'About (en)'
}
Error: MISSING_MESSAGE: About (en)
    at <unknown> (.next/server/chunks/ssr/_03d8e486._.js:1:328)
    at <unknown> (.next/server/chunks/ssr/_03d8e486._.js:1:360)
    at <unknown> (.next/server/chunks/ssr/_03d8e486._.js:1:465)
    at <unknown> (.next/server/chunks/ssr/[root-of-the-server]__35851e98._.js:1:441)
    at async g (.next/server/chunks/ssr/[root-of-the-server]__2d0c5a0b._.js:1:1180) {
  code: 'MISSING_MESSAGE',
  originalMessage: 'About (en)'
}
Error: MISSING_MESSAGE: About (en)
    at <unknown> (.next/server/chunks/ssr/_03d8e486._.js:1:328)
    at <unknown> (.next/server/chunks/ssr/_03d8e486._.js:1:360)
    at <unknown> (.next/server/chunks/ssr/_03d8e486._.js:1:465)
    at <unknown> (.next/server/chunks/ssr/[root-of-the-server]__35851e98._.js:1:441)
    at async g (.next/server/chunks/ssr/[root-of-the-server]__2d0c5a0b._.js:1:1180) {
  code: 'MISSING_MESSAGE',
  originalMessage: 'About (en)'
}
Error: MISSING_MESSAGE: About (en)
    at <unknown> (.next/server/chunks/ssr/_03d8e486._.js:1:328)
    at <unknown> (.next/server/chunks/ssr/_03d8e486._.js:1:360)
    at <unknown> (.next/server/chunks/ssr/_03d8e486._.js:1:465)
    at <unknown> (.next/server/chunks/ssr/[root-of-the-server]__35851e98._.js:1:441)
    at async g (.next/server/chunks/ssr/[root-of-the-server]__2d0c5a0b._.js:1:1180) {
  code: 'MISSING_MESSAGE',
  originalMessage: 'About (en)'
}
⨯ Error [PrismaClientInitializationError]: 
Invalid `prisma.award.findMany()` invocation:


error: Environment variable not found: DATABASE_URL.
  -->  schema.prisma:11
   | 
10 |   provider = "mysql"
11 |   url      = env("DATABASE_URL")
   | 

Validation Error Count: 1
    at <unknown> (-->  schema.prisma:11)
    at async g (.next/server/chunks/ssr/[root-of-the-server]__35851e98._.js:1:1239) {
  clientVersion: '5.16.0',
  errorCode: undefined,
  digest: '2574933502'
}
Error: MISSING_MESSAGE: About (en)
    at <unknown> (.next/server/chunks/ssr/_03d8e486._.js:1:328)
    at <unknown> (.next/server/chunks/ssr/_03d8e486._.js:1:360)
    at <unknown> (.next/server/chunks/ssr/_03d8e486._.js:1:465)
    at <unknown> (.next/server/chunks/ssr/[root-of-the-server]__35851e98._.js:1:441) {
  code: 'MISSING_MESSAGE',
  originalMessage: 'About (en)'
}
Error: MISSING_MESSAGE: About (en)
    at <unknown> (.next/server/chunks/ssr/_03d8e486._.js:1:328)
    at <unknown> (.next/server/chunks/ssr/_03d8e486._.js:1:360)
    at <unknown> (.next/server/chunks/ssr/_03d8e486._.js:1:465)
    at <unknown> (.next/server/chunks/ssr/[root-of-the-server]__35851e98._.js:1:441) {
  code: 'MISSING_MESSAGE',
  originalMessage: 'About (en)'
}
Error [PrismaClientInitializationError]: 
Invalid `prisma.award.findMany()` invocation:


error: Environment variable not found: DATABASE_URL.
  -->  schema.prisma:11
   | 
10 |   provider = "mysql"
11 |   url      = env("DATABASE_URL")
   | 

Validation Error Count: 1
    at <unknown> (-->  schema.prisma:11)
    at async g (.next/server/chunks/ssr/[root-of-the-server]__35851e98._.js:1:1239) {
  clientVersion: '5.16.0',
  errorCode: undefined,
  digest: '2574933502'
}
⨯ Error [PrismaClientInitializationError]: 
Invalid `prisma.award.findMany()` invocation:


error: Environment variable not found: DATABASE_URL.
  -->  schema.prisma:11
   | 
10 |   provider = "mysql"
11 |   url      = env("DATABASE_URL")
   | 

Validation Error Count: 1
    at <unknown> (-->  schema.prisma:11)
    at async g (.next/server/chunks/ssr/[root-of-the-server]__35851e98._.js:1:1239) {
  clientVersion: '5.16.0',
  errorCode: undefined,
  digest: '2574933502'
}
⨯ Error [PrismaClientInitializationError]: 
Invalid `prisma.award.findMany()` invocation:


error: Environment variable not found: DATABASE_URL.
  -->  schema.prisma:11
   | 
10 |   provider = "mysql"
11 |   url      = env("DATABASE_URL")
   | 

Validation Error Count: 1
    at <unknown> (-->  schema.prisma:11)
    at async g (.next/server/chunks/ssr/[root-of-the-server]__35851e98._.js:1:1239) {
  clientVersion: '5.16.0',
  errorCode: undefined,
  digest: '2574933502'
}
Error: MISSING_MESSAGE: Footer.address (en)
    at j (.next/server/chunks/ssr/_f9f6f050._.js:3:6971) {
  code: 'MISSING_MESSAGE',
  originalMessage: 'Footer.address (en)'
}
Error: MISSING_MESSAGE: Footer.rightsReserved (en)
    at j (.next/server/chunks/ssr/_f9f6f050._.js:3:7725) {
  code: 'MISSING_MESSAGE',
  originalMessage: 'Footer.rightsReserved (en)'
}
Error: MISSING_MESSAGE: Career (en)
    at <unknown> (.next/server/chunks/ssr/_03d8e486._.js:1:328)
    at <unknown> (.next/server/chunks/ssr/_03d8e486._.js:1:360)
    at <unknown> (.next/server/chunks/ssr/_03d8e486._.js:1:465)
    at <unknown> (.next/server/chunks/ssr/[root-of-the-server]__35851e98._.js:1:441)
    at async k (.next/server/chunks/ssr/[root-of-the-server]__8c678480._.js:1:2457) {
  code: 'MISSING_MESSAGE',
  originalMessage: 'Career (en)'
}
Error: MISSING_MESSAGE: Career (en)
    at <unknown> (.next/server/chunks/ssr/_03d8e486._.js:1:328)
    at <unknown> (.next/server/chunks/ssr/_03d8e486._.js:1:360)
    at <unknown> (.next/server/chunks/ssr/_03d8e486._.js:1:465)
    at <unknown> (.next/server/chunks/ssr/[root-of-the-server]__35851e98._.js:1:441)
    at async k (.next/server/chunks/ssr/[root-of-the-server]__8c678480._.js:1:2457) {
  code: 'MISSING_MESSAGE',
  originalMessage: 'Career (en)'
}
Error: MISSING_MESSAGE: Career (en)
    at <unknown> (.next/server/chunks/ssr/_03d8e486._.js:1:328)
    at <unknown> (.next/server/chunks/ssr/_03d8e486._.js:1:360)
    at <unknown> (.next/server/chunks/ssr/_03d8e486._.js:1:465)
    at <unknown> (.next/server/chunks/ssr/[root-of-the-server]__35851e98._.js:1:441)
    at async k (.next/server/chunks/ssr/[root-of-the-server]__8c678480._.js:1:2457) {
  code: 'MISSING_MESSAGE',
  originalMessage: 'Career (en)'
}
Error: MISSING_MESSAGE: Career (en)
    at <unknown> (.next/server/chunks/ssr/_03d8e486._.js:1:328)
    at <unknown> (.next/server/chunks/ssr/_03d8e486._.js:1:360)
    at <unknown> (.next/server/chunks/ssr/_03d8e486._.js:1:465)
    at <unknown> (.next/server/chunks/ssr/[root-of-the-server]__35851e98._.js:1:441)
    at async k (.next/server/chunks/ssr/[root-of-the-server]__8c678480._.js:1:2457) {
  code: 'MISSING_MESSAGE',
  originalMessage: 'Career (en)'
}
Error: MISSING_MESSAGE: Career (en)
    at <unknown> (.next/server/chunks/ssr/_03d8e486._.js:1:328)
    at <unknown> (.next/server/chunks/ssr/_03d8e486._.js:1:360)
    at <unknown> (.next/server/chunks/ssr/_03d8e486._.js:1:465)
    at <unknown> (.next/server/chunks/ssr/[root-of-the-server]__35851e98._.js:1:441)
    at async k (.next/server/chunks/ssr/[root-of-the-server]__8c678480._.js:1:2457) {
  code: 'MISSING_MESSAGE',
  originalMessage: 'Career (en)'
}
Error: MISSING_MESSAGE: Career (en)
    at <unknown> (.next/server/chunks/ssr/_03d8e486._.js:1:328)
    at <unknown> (.next/server/chunks/ssr/_03d8e486._.js:1:360)
    at <unknown> (.next/server/chunks/ssr/_03d8e486._.js:1:465)
    at <unknown> (.next/server/chunks/ssr/[root-of-the-server]__35851e98._.js:1:441)
    at async k (.next/server/chunks/ssr/[root-of-the-server]__8c678480._.js:1:2457) {
  code: 'MISSING_MESSAGE',
  originalMessage: 'Career (en)'
}
Error: MISSING_MESSAGE: Career (en)
    at <unknown> (.next/server/chunks/ssr/_03d8e486._.js:1:328)
    at <unknown> (.next/server/chunks/ssr/_03d8e486._.js:1:360)
    at <unknown> (.next/server/chunks/ssr/_03d8e486._.js:1:465)
    at <unknown> (.next/server/chunks/ssr/[root-of-the-server]__35851e98._.js:1:441)
    at async k (.next/server/chunks/ssr/[root-of-the-server]__8c678480._.js:1:2457) {
  code: 'MISSING_MESSAGE',
  originalMessage: 'Career (en)'
}
Error: MISSING_MESSAGE: Career (en)
    at <unknown> (.next/server/chunks/ssr/_03d8e486._.js:1:328)
    at <unknown> (.next/server/chunks/ssr/_03d8e486._.js:1:360)
    at <unknown> (.next/server/chunks/ssr/_03d8e486._.js:1:465)
    at <unknown> (.next/server/chunks/ssr/[root-of-the-server]__35851e98._.js:1:441)
    at async k (.next/server/chunks/ssr/[root-of-the-server]__8c678480._.js:1:2457) {
  code: 'MISSING_MESSAGE',
  originalMessage: 'Career (en)'
}
Error: MISSING_MESSAGE: Career (en)
    at <unknown> (.next/server/chunks/ssr/_03d8e486._.js:1:328)
    at <unknown> (.next/server/chunks/ssr/_03d8e486._.js:1:360)
    at <unknown> (.next/server/chunks/ssr/_03d8e486._.js:1:465)
    at <unknown> (.next/server/chunks/ssr/[root-of-the-server]__35851e98._.js:1:441)
    at async k (.next/server/chunks/ssr/[root-of-the-server]__8c678480._.js:1:2457) {
  code: 'MISSING_MESSAGE',
  originalMessage: 'Career (en)'
}
Error: MISSING_MESSAGE: Career (en)
    at <unknown> (.next/server/chunks/ssr/_03d8e486._.js:1:328)
    at <unknown> (.next/server/chunks/ssr/_03d8e486._.js:1:360)
    at <unknown> (.next/server/chunks/ssr/_03d8e486._.js:1:465)
    at <unknown> (.next/server/chunks/ssr/[root-of-the-server]__35851e98._.js:1:441)
    at async k (.next/server/chunks/ssr/[root-of-the-server]__8c678480._.js:1:2457) {
  code: 'MISSING_MESSAGE',
  originalMessage: 'Career (en)'
}
Error: MISSING_MESSAGE: Career (en)
    at <unknown> (.next/server/chunks/ssr/_03d8e486._.js:1:328)
    at <unknown> (.next/server/chunks/ssr/_03d8e486._.js:1:360)
    at <unknown> (.next/server/chunks/ssr/_03d8e486._.js:1:465)
    at <unknown> (.next/server/chunks/ssr/[root-of-the-server]__35851e98._.js:1:441)
    at async k (.next/server/chunks/ssr/[root-of-the-server]__8c678480._.js:1:2457) {
  code: 'MISSING_MESSAGE',
  originalMessage: 'Career (en)'
}
Error: MISSING_MESSAGE: Career (en)
    at <unknown> (.next/server/chunks/ssr/_03d8e486._.js:1:328)
    at <unknown> (.next/server/chunks/ssr/_03d8e486._.js:1:360)
    at <unknown> (.next/server/chunks/ssr/_03d8e486._.js:1:465)
    at <unknown> (.next/server/chunks/ssr/[root-of-the-server]__35851e98._.js:1:441)
    at async k (.next/server/chunks/ssr/[root-of-the-server]__8c678480._.js:1:2457) {
  code: 'MISSING_MESSAGE',
  originalMessage: 'Career (en)'
}
Error: MISSING_MESSAGE: Career (en)
    at <unknown> (.next/server/chunks/ssr/_03d8e486._.js:1:328)
    at <unknown> (.next/server/chunks/ssr/_03d8e486._.js:1:360)
    at <unknown> (.next/server/chunks/ssr/_03d8e486._.js:1:465)
    at <unknown> (.next/server/chunks/ssr/[root-of-the-server]__35851e98._.js:1:441)
    at async k (.next/server/chunks/ssr/[root-of-the-server]__8c678480._.js:1:2457) {
  code: 'MISSING_MESSAGE',
  originalMessage: 'Career (en)'
}
Error: MISSING_MESSAGE: Career (en)
    at <unknown> (.next/server/chunks/ssr/_03d8e486._.js:1:328)
    at <unknown> (.next/server/chunks/ssr/_03d8e486._.js:1:360)
    at <unknown> (.next/server/chunks/ssr/_03d8e486._.js:1:465)
    at <unknown> (.next/server/chunks/ssr/[root-of-the-server]__35851e98._.js:1:441)
    at async k (.next/server/chunks/ssr/[root-of-the-server]__8c678480._.js:1:2457) {
  code: 'MISSING_MESSAGE',
  originalMessage: 'Career (en)'
}
Error: MISSING_MESSAGE: Career (en)
    at <unknown> (.next/server/chunks/ssr/_03d8e486._.js:1:328)
    at <unknown> (.next/server/chunks/ssr/_03d8e486._.js:1:360)
    at <unknown> (.next/server/chunks/ssr/_03d8e486._.js:1:465)
    at <unknown> (.next/server/chunks/ssr/[root-of-the-server]__35851e98._.js:1:441)
    at async k (.next/server/chunks/ssr/[root-of-the-server]__8c678480._.js:1:2457) {
  code: 'MISSING_MESSAGE',
  originalMessage: 'Career (en)'
}
Error: MISSING_MESSAGE: Career (en)
    at <unknown> (.next/server/chunks/ssr/_03d8e486._.js:1:328)
    at <unknown> (.next/server/chunks/ssr/_03d8e486._.js:1:360)
    at <unknown> (.next/server/chunks/ssr/_03d8e486._.js:1:465)
    at <unknown> (.next/server/chunks/ssr/[root-of-the-server]__35851e98._.js:1:441)
    at async k (.next/server/chunks/ssr/[root-of-the-server]__8c678480._.js:1:2457) {
  code: 'MISSING_MESSAGE',
  originalMessage: 'Career (en)'
}
Error: MISSING_MESSAGE: Career (en)
    at <unknown> (.next/server/chunks/ssr/[root-of-the-server]__d9de7955._.js:1:10706)
    at i (.next/server/chunks/ssr/src_components_career_JobListClient_tsx_0f40e0a3._.js:1:7556) {
  code: 'MISSING_MESSAGE',
  originalMessage: 'Career (en)'
}
Error: MISSING_MESSAGE: Footer.address (en)
    at j (.next/server/chunks/ssr/_f9f6f050._.js:3:6971) {
  code: 'MISSING_MESSAGE',
  originalMessage: 'Footer.address (en)'
}
Error: MISSING_MESSAGE: Footer.rightsReserved (en)
    at j (.next/server/chunks/ssr/_f9f6f050._.js:3:7725) {
  code: 'MISSING_MESSAGE',
  originalMessage: 'Footer.rightsReserved (en)'
}
⨯ Error: Failed to fetch company data
    at g (.next/server/chunks/ssr/[root-of-the-server]__a4c5db24._.js:13:792)
    at async g (.next/server/chunks/ssr/[root-of-the-server]__3af471d7._.js:1:1911) {
  digest: '2697648912'
}
Error: Failed to fetch company data
    at g (.next/server/chunks/ssr/[root-of-the-server]__a4c5db24._.js:13:792)
    at async g (.next/server/chunks/ssr/[root-of-the-server]__3af471d7._.js:1:1911) {
  digest: '2697648912'
}
⨯ Error: Failed to fetch company data
    at g (.next/server/chunks/ssr/[root-of-the-server]__a4c5db24._.js:13:792)
    at async g (.next/server/chunks/ssr/[root-of-the-server]__3af471d7._.js:1:1911) {
  digest: '2697648912'
}
⨯ Error: Failed to fetch company data
    at g (.next/server/chunks/ssr/[root-of-the-server]__a4c5db24._.js:13:792)
    at async g (.next/server/chunks/ssr/[root-of-the-server]__3af471d7._.js:1:1911) {
  digest: '2697648912'
}
Error: MISSING_MESSAGE: Footer.address (en)
    at j (.next/server/chunks/ssr/_f9f6f050._.js:3:6971) {
  code: 'MISSING_MESSAGE',
  originalMessage: 'Footer.address (en)'
}
Error: MISSING_MESSAGE: Footer.rightsReserved (en)
    at j (.next/server/chunks/ssr/_f9f6f050._.js:3:7725) {
  code: 'MISSING_MESSAGE',
  originalMessage: 'Footer.rightsReserved (en)'
}
Error: MISSING_MESSAGE: LogisticsCentre (en)
    at <unknown> (.next/server/chunks/ssr/_03d8e486._.js:1:328)
    at <unknown> (.next/server/chunks/ssr/_03d8e486._.js:1:360)
    at <unknown> (.next/server/chunks/ssr/_03d8e486._.js:1:465)
    at <unknown> (.next/server/chunks/ssr/[root-of-the-server]__35851e98._.js:1:441)
    at async Module.c (.next/server/chunks/ssr/_4ab7a9ba._.js:1:361) {
  code: 'MISSING_MESSAGE',
  originalMessage: 'LogisticsCentre (en)'
}
Error: MISSING_MESSAGE: LogisticsCentre (en)
    at <unknown> (.next/server/chunks/ssr/_03d8e486._.js:1:328)
    at <unknown> (.next/server/chunks/ssr/_03d8e486._.js:1:360)
    at <unknown> (.next/server/chunks/ssr/_03d8e486._.js:1:465)
    at <unknown> (.next/server/chunks/ssr/[root-of-the-server]__35851e98._.js:1:441)
    at async Module.c (.next/server/chunks/ssr/_4ab7a9ba._.js:1:361) {
  code: 'MISSING_MESSAGE',
  originalMessage: 'LogisticsCentre (en)'
}
Error: MISSING_MESSAGE: LogisticsCentre (en)
    at <unknown> (.next/server/chunks/ssr/[root-of-the-server]__d9de7955._.js:1:10706)
    at g (.next/server/chunks/ssr/src_app_[locale]_(public)_about_logistics-centre_page_tsx_eb1760dd._.js:1:148) {
  code: 'MISSING_MESSAGE',
  originalMessage: 'LogisticsCentre (en)'
}
Error: MISSING_MESSAGE: LogisticsCentre (en)
    at <unknown> (.next/server/chunks/ssr/[root-of-the-server]__d9de7955._.js:1:10706)
    at g (.next/server/chunks/ssr/src_app_[locale]_(public)_about_logistics-centre_page_tsx_eb1760dd._.js:1:148) {
  code: 'MISSING_MESSAGE',
  originalMessage: 'LogisticsCentre (en)'
}
Error: MISSING_MESSAGE: LogisticsCentre (en)
    at <unknown> (.next/server/chunks/ssr/[root-of-the-server]__d9de7955._.js:1:10706)
    at g (.next/server/chunks/ssr/src_app_[locale]_(public)_about_logistics-centre_page_tsx_eb1760dd._.js:1:148) {
  code: 'MISSING_MESSAGE',
  originalMessage: 'LogisticsCentre (en)'
}
Error: MISSING_MESSAGE: LogisticsCentre (en)
    at <unknown> (.next/server/chunks/ssr/[root-of-the-server]__d9de7955._.js:1:10706)
    at g (.next/server/chunks/ssr/src_app_[locale]_(public)_about_logistics-centre_page_tsx_eb1760dd._.js:1:148) {
  code: 'MISSING_MESSAGE',
  originalMessage: 'LogisticsCentre (en)'
}
Error: MISSING_MESSAGE: LogisticsCentre (en)
    at <unknown> (.next/server/chunks/ssr/[root-of-the-server]__d9de7955._.js:1:10706)
    at g (.next/server/chunks/ssr/src_app_[locale]_(public)_about_logistics-centre_page_tsx_eb1760dd._.js:1:148) {
  code: 'MISSING_MESSAGE',
  originalMessage: 'LogisticsCentre (en)'
}
Error: MISSING_MESSAGE: LogisticsCentre (en)
    at <unknown> (.next/server/chunks/ssr/[root-of-the-server]__d9de7955._.js:1:10706)
    at g (.next/server/chunks/ssr/src_app_[locale]_(public)_about_logistics-centre_page_tsx_eb1760dd._.js:1:148) {
  code: 'MISSING_MESSAGE',
  originalMessage: 'LogisticsCentre (en)'
}
Error: MISSING_MESSAGE: LogisticsCentre (en)
    at <unknown> (.next/server/chunks/ssr/[root-of-the-server]__d9de7955._.js:1:10706)
    at g (.next/server/chunks/ssr/src_app_[locale]_(public)_about_logistics-centre_page_tsx_eb1760dd._.js:1:148) {
  code: 'MISSING_MESSAGE',
  originalMessage: 'LogisticsCentre (en)'
}
Error: MISSING_MESSAGE: LogisticsCentre (en)
    at <unknown> (.next/server/chunks/ssr/[root-of-the-server]__d9de7955._.js:1:10706)
    at g (.next/server/chunks/ssr/src_app_[locale]_(public)_about_logistics-centre_page_tsx_eb1760dd._.js:1:148) {
  code: 'MISSING_MESSAGE',
  originalMessage: 'LogisticsCentre (en)'
}
Error: MISSING_MESSAGE: LogisticsCentre (en)
    at <unknown> (.next/server/chunks/ssr/[root-of-the-server]__d9de7955._.js:1:10706)
    at g (.next/server/chunks/ssr/src_app_[locale]_(public)_about_logistics-centre_page_tsx_eb1760dd._.js:1:148) {
  code: 'MISSING_MESSAGE',
  originalMessage: 'LogisticsCentre (en)'
}
Error: MISSING_MESSAGE: LogisticsCentre (en)
    at <unknown> (.next/server/chunks/ssr/[root-of-the-server]__d9de7955._.js:1:10706)
    at g (.next/server/chunks/ssr/src_app_[locale]_(public)_about_logistics-centre_page_tsx_eb1760dd._.js:1:148) {
  code: 'MISSING_MESSAGE',
  originalMessage: 'LogisticsCentre (en)'
}
Error: MISSING_MESSAGE: LogisticsCentre (en)
    at <unknown> (.next/server/chunks/ssr/[root-of-the-server]__d9de7955._.js:1:10706)
    at g (.next/server/chunks/ssr/src_app_[locale]_(public)_about_logistics-centre_page_tsx_eb1760dd._.js:1:148) {
  code: 'MISSING_MESSAGE',
  originalMessage: 'LogisticsCentre (en)'
}
Error: MISSING_MESSAGE: LogisticsCentre (en)
    at <unknown> (.next/server/chunks/ssr/[root-of-the-server]__d9de7955._.js:1:10706)
    at g (.next/server/chunks/ssr/src_app_[locale]_(public)_about_logistics-centre_page_tsx_eb1760dd._.js:1:148) {
  code: 'MISSING_MESSAGE',
  originalMessage: 'LogisticsCentre (en)'
}
Error: MISSING_MESSAGE: LogisticsCentre (en)
    at <unknown> (.next/server/chunks/ssr/[root-of-the-server]__d9de7955._.js:1:10706)
    at g (.next/server/chunks/ssr/src_app_[locale]_(public)_about_logistics-centre_page_tsx_eb1760dd._.js:1:148) {
  code: 'MISSING_MESSAGE',
  originalMessage: 'LogisticsCentre (en)'
}
Error: MISSING_MESSAGE: LogisticsCentre (en)
    at <unknown> (.next/server/chunks/ssr/[root-of-the-server]__d9de7955._.js:1:10706)
    at g (.next/server/chunks/ssr/src_app_[locale]_(public)_about_logistics-centre_page_tsx_eb1760dd._.js:1:148) {
  code: 'MISSING_MESSAGE',
  originalMessage: 'LogisticsCentre (en)'
}
Error: MISSING_MESSAGE: LogisticsCentre (en)
    at <unknown> (.next/server/chunks/ssr/[root-of-the-server]__d9de7955._.js:1:10706)
    at g (.next/server/chunks/ssr/src_app_[locale]_(public)_about_logistics-centre_page_tsx_eb1760dd._.js:1:148) {
  code: 'MISSING_MESSAGE',
  originalMessage: 'LogisticsCentre (en)'
}
Error: MISSING_MESSAGE: Footer.address (en)
    at j (.next/server/chunks/ssr/_f9f6f050._.js:3:6971) {
  code: 'MISSING_MESSAGE',
  originalMessage: 'Footer.address (en)'
}
Error: MISSING_MESSAGE: Footer.rightsReserved (en)
    at j (.next/server/chunks/ssr/_f9f6f050._.js:3:7725) {
  code: 'MISSING_MESSAGE',
  originalMessage: 'Footer.rightsReserved (en)'
}
Error: MISSING_MESSAGE: ProductionPlants (en)
    at <unknown> (.next/server/chunks/ssr/_03d8e486._.js:1:328)
    at <unknown> (.next/server/chunks/ssr/_03d8e486._.js:1:360)
    at <unknown> (.next/server/chunks/ssr/_03d8e486._.js:1:465)
    at <unknown> (.next/server/chunks/ssr/[root-of-the-server]__35851e98._.js:1:441)
    at async Module.c (.next/server/chunks/ssr/_8a88276c._.js:1:361) {
  code: 'MISSING_MESSAGE',
  originalMessage: 'ProductionPlants (en)'
}
Error: MISSING_MESSAGE: ProductionPlants (en)
    at <unknown> (.next/server/chunks/ssr/_03d8e486._.js:1:328)
    at <unknown> (.next/server/chunks/ssr/_03d8e486._.js:1:360)
    at <unknown> (.next/server/chunks/ssr/_03d8e486._.js:1:465)
    at <unknown> (.next/server/chunks/ssr/[root-of-the-server]__35851e98._.js:1:441)
    at async Module.c (.next/server/chunks/ssr/_8a88276c._.js:1:361) {
  code: 'MISSING_MESSAGE',
  originalMessage: 'ProductionPlants (en)'
}
Error: MISSING_MESSAGE: ProductionPlants (en)
    at <unknown> (.next/server/chunks/ssr/[root-of-the-server]__d9de7955._.js:1:10706)
    at g (.next/server/chunks/ssr/src_app_[locale]_(public)_about_production-plants_page_tsx_02953357._.js:1:149) {
  code: 'MISSING_MESSAGE',
  originalMessage: 'ProductionPlants (en)'
}
Error: MISSING_MESSAGE: ProductionPlants (en)
    at <unknown> (.next/server/chunks/ssr/[root-of-the-server]__d9de7955._.js:1:10706)
    at g (.next/server/chunks/ssr/src_app_[locale]_(public)_about_production-plants_page_tsx_02953357._.js:1:149) {
  code: 'MISSING_MESSAGE',
  originalMessage: 'ProductionPlants (en)'
}
Error: MISSING_MESSAGE: ProductionPlants (en)
    at <unknown> (.next/server/chunks/ssr/[root-of-the-server]__d9de7955._.js:1:10706)
    at g (.next/server/chunks/ssr/src_app_[locale]_(public)_about_production-plants_page_tsx_02953357._.js:1:149) {
  code: 'MISSING_MESSAGE',
  originalMessage: 'ProductionPlants (en)'
}
Error: MISSING_MESSAGE: ProductionPlants (en)
    at <unknown> (.next/server/chunks/ssr/[root-of-the-server]__d9de7955._.js:1:10706)
    at g (.next/server/chunks/ssr/src_app_[locale]_(public)_about_production-plants_page_tsx_02953357._.js:1:149) {
  code: 'MISSING_MESSAGE',
  originalMessage: 'ProductionPlants (en)'
}
Error: MISSING_MESSAGE: ProductionPlants (en)
    at <unknown> (.next/server/chunks/ssr/[root-of-the-server]__d9de7955._.js:1:10706)
    at g (.next/server/chunks/ssr/src_app_[locale]_(public)_about_production-plants_page_tsx_02953357._.js:1:149) {
  code: 'MISSING_MESSAGE',
  originalMessage: 'ProductionPlants (en)'
}
Error: MISSING_MESSAGE: ProductionPlants (en)
    at <unknown> (.next/server/chunks/ssr/[root-of-the-server]__d9de7955._.js:1:10706)
    at g (.next/server/chunks/ssr/src_app_[locale]_(public)_about_production-plants_page_tsx_02953357._.js:1:149) {
  code: 'MISSING_MESSAGE',
  originalMessage: 'ProductionPlants (en)'
}
Error: MISSING_MESSAGE: ProductionPlants (en)
    at <unknown> (.next/server/chunks/ssr/[root-of-the-server]__d9de7955._.js:1:10706)
    at g (.next/server/chunks/ssr/src_app_[locale]_(public)_about_production-plants_page_tsx_02953357._.js:1:149) {
  code: 'MISSING_MESSAGE',
  originalMessage: 'ProductionPlants (en)'
}
Error: MISSING_MESSAGE: ProductionPlants (en)
    at <unknown> (.next/server/chunks/ssr/[root-of-the-server]__d9de7955._.js:1:10706)
    at g (.next/server/chunks/ssr/src_app_[locale]_(public)_about_production-plants_page_tsx_02953357._.js:1:149) {
  code: 'MISSING_MESSAGE',
  originalMessage: 'ProductionPlants (en)'
}
Error: MISSING_MESSAGE: ProductionPlants (en)
    at <unknown> (.next/server/chunks/ssr/[root-of-the-server]__d9de7955._.js:1:10706)
    at g (.next/server/chunks/ssr/src_app_[locale]_(public)_about_production-plants_page_tsx_02953357._.js:1:149) {
  code: 'MISSING_MESSAGE',
  originalMessage: 'ProductionPlants (en)'
}
⨯ TypeError: h.map is not a function
    at g (.next/server/chunks/ssr/src_app_[locale]_(public)_about_production-plants_page_tsx_02953357._.js:1:1836) {
  digest: '59952949'
}
Error: MISSING_MESSAGE: ProductionPlants (en)
    at <unknown> (.next/server/chunks/ssr/_03d8e486._.js:1:328)
    at <unknown> (.next/server/chunks/ssr/_03d8e486._.js:1:360)
    at <unknown> (.next/server/chunks/ssr/_03d8e486._.js:1:465)
    at <unknown> (.next/server/chunks/ssr/[root-of-the-server]__35851e98._.js:1:441)
    at async Module.c (.next/server/chunks/ssr/_8a88276c._.js:1:361) {
  code: 'MISSING_MESSAGE',
  originalMessage: 'ProductionPlants (en)'
}
Error: MISSING_MESSAGE: ProductionPlants (en)
    at <unknown> (.next/server/chunks/ssr/_03d8e486._.js:1:328)
    at <unknown> (.next/server/chunks/ssr/_03d8e486._.js:1:360)
    at <unknown> (.next/server/chunks/ssr/_03d8e486._.js:1:465)
    at <unknown> (.next/server/chunks/ssr/[root-of-the-server]__35851e98._.js:1:441)
    at async Module.c (.next/server/chunks/ssr/_8a88276c._.js:1:361) {
  code: 'MISSING_MESSAGE',
  originalMessage: 'ProductionPlants (en)'
}
TypeError: h.map is not a function
    at g (.next/server/chunks/ssr/src_app_[locale]_(public)_about_production-plants_page_tsx_02953357._.js:1:1836) {
  digest: '59952949'
}
⨯ TypeError: h.map is not a function
    at g (.next/server/chunks/ssr/src_app_[locale]_(public)_about_production-plants_page_tsx_02953357._.js:1:1836) {
  digest: '59952949'
}
⨯ TypeError: h.map is not a function
    at g (.next/server/chunks/ssr/src_app_[locale]_(public)_about_production-plants_page_tsx_02953357._.js:1:1836) {
  digest: '59952949'
}
Error: MISSING_MESSAGE: Footer.address (en)
    at j (.next/server/chunks/ssr/_f9f6f050._.js:3:6971) {
  code: 'MISSING_MESSAGE',
  originalMessage: 'Footer.address (en)'
}
Error: MISSING_MESSAGE: Footer.rightsReserved (en)
    at j (.next/server/chunks/ssr/_f9f6f050._.js:3:7725) {
  code: 'MISSING_MESSAGE',
  originalMessage: 'Footer.rightsReserved (en)'
}
Error: MISSING_MESSAGE: RdCentre (en)
    at <unknown> (.next/server/chunks/ssr/_03d8e486._.js:1:328)
    at <unknown> (.next/server/chunks/ssr/_03d8e486._.js:1:360)
    at <unknown> (.next/server/chunks/ssr/_03d8e486._.js:1:465)
    at <unknown> (.next/server/chunks/ssr/[root-of-the-server]__35851e98._.js:1:441)
    at async Module.c (.next/server/chunks/ssr/_7820ee45._.js:1:361) {
  code: 'MISSING_MESSAGE',
  originalMessage: 'RdCentre (en)'
}
Error: MISSING_MESSAGE: RdCentre (en)
    at <unknown> (.next/server/chunks/ssr/_03d8e486._.js:1:328)
    at <unknown> (.next/server/chunks/ssr/_03d8e486._.js:1:360)
    at <unknown> (.next/server/chunks/ssr/_03d8e486._.js:1:465)
    at <unknown> (.next/server/chunks/ssr/[root-of-the-server]__35851e98._.js:1:441)
    at async Module.c (.next/server/chunks/ssr/_7820ee45._.js:1:361) {
  code: 'MISSING_MESSAGE',
  originalMessage: 'RdCentre (en)'
}
Error: MISSING_MESSAGE: RdCentre (en)
    at <unknown> (.next/server/chunks/ssr/[root-of-the-server]__d9de7955._.js:1:10706)
    at g (.next/server/chunks/ssr/src_app_[locale]_(public)_about_rd-centre_page_tsx_3173fc50._.js:1:149) {
  code: 'MISSING_MESSAGE',
  originalMessage: 'RdCentre (en)'
}
Error: MISSING_MESSAGE: RdCentre (en)
    at <unknown> (.next/server/chunks/ssr/[root-of-the-server]__d9de7955._.js:1:10706)
    at g (.next/server/chunks/ssr/src_app_[locale]_(public)_about_rd-centre_page_tsx_3173fc50._.js:1:149) {
  code: 'MISSING_MESSAGE',
  originalMessage: 'RdCentre (en)'
}
Error: MISSING_MESSAGE: RdCentre (en)
    at <unknown> (.next/server/chunks/ssr/[root-of-the-server]__d9de7955._.js:1:10706)
    at g (.next/server/chunks/ssr/src_app_[locale]_(public)_about_rd-centre_page_tsx_3173fc50._.js:1:149) {
  code: 'MISSING_MESSAGE',
  originalMessage: 'RdCentre (en)'
}
Error: MISSING_MESSAGE: RdCentre (en)
    at <unknown> (.next/server/chunks/ssr/[root-of-the-server]__d9de7955._.js:1:10706)
    at g (.next/server/chunks/ssr/src_app_[locale]_(public)_about_rd-centre_page_tsx_3173fc50._.js:1:149) {
  code: 'MISSING_MESSAGE',
  originalMessage: 'RdCentre (en)'
}
Error: MISSING_MESSAGE: RdCentre (en)
    at <unknown> (.next/server/chunks/ssr/[root-of-the-server]__d9de7955._.js:1:10706)
    at g (.next/server/chunks/ssr/src_app_[locale]_(public)_about_rd-centre_page_tsx_3173fc50._.js:1:149) {
  code: 'MISSING_MESSAGE',
  originalMessage: 'RdCentre (en)'
}
Error: MISSING_MESSAGE: RdCentre (en)
    at <unknown> (.next/server/chunks/ssr/[root-of-the-server]__d9de7955._.js:1:10706)
    at g (.next/server/chunks/ssr/src_app_[locale]_(public)_about_rd-centre_page_tsx_3173fc50._.js:1:149) {
  code: 'MISSING_MESSAGE',
  originalMessage: 'RdCentre (en)'
}
Error: MISSING_MESSAGE: RdCentre (en)
    at <unknown> (.next/server/chunks/ssr/[root-of-the-server]__d9de7955._.js:1:10706)
    at g (.next/server/chunks/ssr/src_app_[locale]_(public)_about_rd-centre_page_tsx_3173fc50._.js:1:149) {
  code: 'MISSING_MESSAGE',
  originalMessage: 'RdCentre (en)'
}
Error: MISSING_MESSAGE: RdCentre (en)
    at <unknown> (.next/server/chunks/ssr/[root-of-the-server]__d9de7955._.js:1:10706)
    at g (.next/server/chunks/ssr/src_app_[locale]_(public)_about_rd-centre_page_tsx_3173fc50._.js:1:149) {
  code: 'MISSING_MESSAGE',
  originalMessage: 'RdCentre (en)'
}
Error: MISSING_MESSAGE: RdCentre (en)
    at <unknown> (.next/server/chunks/ssr/[root-of-the-server]__d9de7955._.js:1:10706)
    at g (.next/server/chunks/ssr/src_app_[locale]_(public)_about_rd-centre_page_tsx_3173fc50._.js:1:149) {
  code: 'MISSING_MESSAGE',
  originalMessage: 'RdCentre (en)'
}
Error: MISSING_MESSAGE: RdCentre (en)
    at <unknown> (.next/server/chunks/ssr/[root-of-the-server]__d9de7955._.js:1:10706)
    at g (.next/server/chunks/ssr/src_app_[locale]_(public)_about_rd-centre_page_tsx_3173fc50._.js:1:149) {
  code: 'MISSING_MESSAGE',
  originalMessage: 'RdCentre (en)'
}
Error: MISSING_MESSAGE: RdCentre (en)
    at <unknown> (.next/server/chunks/ssr/[root-of-the-server]__d9de7955._.js:1:10706)
    at g (.next/server/chunks/ssr/src_app_[locale]_(public)_about_rd-centre_page_tsx_3173fc50._.js:1:149) {
  code: 'MISSING_MESSAGE',
  originalMessage: 'RdCentre (en)'
}
Error: MISSING_MESSAGE: RdCentre (en)
    at <unknown> (.next/server/chunks/ssr/[root-of-the-server]__d9de7955._.js:1:10706)
    at g (.next/server/chunks/ssr/src_app_[locale]_(public)_about_rd-centre_page_tsx_3173fc50._.js:1:149) {
  code: 'MISSING_MESSAGE',
  originalMessage: 'RdCentre (en)'
}
Error: MISSING_MESSAGE: RdCentre (en)
    at <unknown> (.next/server/chunks/ssr/[root-of-the-server]__d9de7955._.js:1:10706)
    at g (.next/server/chunks/ssr/src_app_[locale]_(public)_about_rd-centre_page_tsx_3173fc50._.js:1:149) {
  code: 'MISSING_MESSAGE',
  originalMessage: 'RdCentre (en)'
}
Error: MISSING_MESSAGE: RdCentre (en)
    at <unknown> (.next/server/chunks/ssr/[root-of-the-server]__d9de7955._.js:1:10706)
    at g (.next/server/chunks/ssr/src_app_[locale]_(public)_about_rd-centre_page_tsx_3173fc50._.js:1:149) {
  code: 'MISSING_MESSAGE',
  originalMessage: 'RdCentre (en)'
}
Error: MISSING_MESSAGE: Footer.address (en)
    at j (.next/server/chunks/ssr/_f9f6f050._.js:3:6971) {
  code: 'MISSING_MESSAGE',
  originalMessage: 'Footer.address (en)'
}
Error: MISSING_MESSAGE: Footer.rightsReserved (en)
    at j (.next/server/chunks/ssr/_f9f6f050._.js:3:7725) {
  code: 'MISSING_MESSAGE',
  originalMessage: 'Footer.rightsReserved (en)'
}
Error: MISSING_MESSAGE: ProductsForAnimals (en)
    at <unknown> (.next/server/chunks/ssr/_03d8e486._.js:1:328)
    at <unknown> (.next/server/chunks/ssr/_03d8e486._.js:1:360)
    at <unknown> (.next/server/chunks/ssr/_03d8e486._.js:1:465)
    at <unknown> (.next/server/chunks/ssr/[root-of-the-server]__35851e98._.js:1:441)
    at async i (.next/server/chunks/ssr/[root-of-the-server]__823025ba._.js:1:1415) {
  code: 'MISSING_MESSAGE',
  originalMessage: 'ProductsForAnimals (en)'
}
Error: MISSING_MESSAGE: ProductsForAnimals (en)
    at <unknown> (.next/server/chunks/ssr/_03d8e486._.js:1:328)
    at <unknown> (.next/server/chunks/ssr/_03d8e486._.js:1:360)
    at <unknown> (.next/server/chunks/ssr/_03d8e486._.js:1:465)
    at <unknown> (.next/server/chunks/ssr/[root-of-the-server]__35851e98._.js:1:441)
    at async i (.next/server/chunks/ssr/[root-of-the-server]__823025ba._.js:1:1415) {
  code: 'MISSING_MESSAGE',
  originalMessage: 'ProductsForAnimals (en)'
}
Error: MISSING_MESSAGE: Footer.address (en)
    at j (.next/server/chunks/ssr/_f9f6f050._.js:3:6971) {
  code: 'MISSING_MESSAGE',
  originalMessage: 'Footer.address (en)'
}
Error: MISSING_MESSAGE: Footer.rightsReserved (en)
    at j (.next/server/chunks/ssr/_f9f6f050._.js:3:7725) {
  code: 'MISSING_MESSAGE',
  originalMessage: 'Footer.rightsReserved (en)'
}
Error: MISSING_MESSAGE: ProductsForAnimals (en)
    at <unknown> (.next/server/chunks/ssr/_03d8e486._.js:1:328)
    at <unknown> (.next/server/chunks/ssr/_03d8e486._.js:1:360)
    at <unknown> (.next/server/chunks/ssr/_03d8e486._.js:1:465)
    at <unknown> (.next/server/chunks/ssr/[root-of-the-server]__35851e98._.js:1:441)
    at async i (.next/server/chunks/ssr/[root-of-the-server]__0f98ee46._.js:1:1415) {
  code: 'MISSING_MESSAGE',
  originalMessage: 'ProductsForAnimals (en)'
}
Error: MISSING_MESSAGE: ProductsForAnimals (en)
    at <unknown> (.next/server/chunks/ssr/_03d8e486._.js:1:328)
    at <unknown> (.next/server/chunks/ssr/_03d8e486._.js:1:360)
    at <unknown> (.next/server/chunks/ssr/_03d8e486._.js:1:465)
    at <unknown> (.next/server/chunks/ssr/[root-of-the-server]__35851e98._.js:1:441)
    at async i (.next/server/chunks/ssr/[root-of-the-server]__0f98ee46._.js:1:1415) {
  code: 'MISSING_MESSAGE',
  originalMessage: 'ProductsForAnimals (en)'
}
Error: MISSING_MESSAGE: Footer.address (en)
    at j (.next/server/chunks/ssr/_f9f6f050._.js:3:6971) {
  code: 'MISSING_MESSAGE',
  originalMessage: 'Footer.address (en)'
}
Error: MISSING_MESSAGE: Footer.rightsReserved (en)
    at j (.next/server/chunks/ssr/_f9f6f050._.js:3:7725) {
  code: 'MISSING_MESSAGE',
  originalMessage: 'Footer.rightsReserved (en)'
}
Error: MISSING_MESSAGE: ProductsForAnimals (en)
    at <unknown> (.next/server/chunks/ssr/_03d8e486._.js:1:328)
    at <unknown> (.next/server/chunks/ssr/_03d8e486._.js:1:360)
    at <unknown> (.next/server/chunks/ssr/_03d8e486._.js:1:465)
    at <unknown> (.next/server/chunks/ssr/[root-of-the-server]__35851e98._.js:1:441)
    at async i (.next/server/chunks/ssr/[root-of-the-server]__206d399d._.js:1:1415) {
  code: 'MISSING_MESSAGE',
  originalMessage: 'ProductsForAnimals (en)'
}
Error: MISSING_MESSAGE: ProductsForAnimals (en)
    at <unknown> (.next/server/chunks/ssr/_03d8e486._.js:1:328)
    at <unknown> (.next/server/chunks/ssr/_03d8e486._.js:1:360)
    at <unknown> (.next/server/chunks/ssr/_03d8e486._.js:1:465)
    at <unknown> (.next/server/chunks/ssr/[root-of-the-server]__35851e98._.js:1:441)
    at async i (.next/server/chunks/ssr/[root-of-the-server]__206d399d._.js:1:1415) {
  code: 'MISSING_MESSAGE',
  originalMessage: 'ProductsForAnimals (en)'
}
Error: MISSING_MESSAGE: Footer.address (en)
    at j (.next/server/chunks/ssr/_f9f6f050._.js:3:6971) {
  code: 'MISSING_MESSAGE',
  originalMessage: 'Footer.address (en)'
}
Error: MISSING_MESSAGE: Footer.rightsReserved (en)
    at j (.next/server/chunks/ssr/_f9f6f050._.js:3:7725) {
  code: 'MISSING_MESSAGE',
  originalMessage: 'Footer.rightsReserved (en)'
}
⨯ Error [PrismaClientInitializationError]: 
Invalid `prisma.category.findUnique()` invocation:


error: Environment variable not found: DATABASE_URL.
  -->  schema.prisma:11
   | 
10 |   provider = "mysql"
11 |   url      = env("DATABASE_URL")
   | 

Validation Error Count: 1
    at <unknown> (-->  schema.prisma:11)
    at async h (.next/server/chunks/ssr/[root-of-the-server]__ec9df5af._.js:1:2698) {
  clientVersion: '5.16.0',
  errorCode: undefined,
  digest: '905238828'
}
Error [PrismaClientInitializationError]: 
Invalid `prisma.category.findUnique()` invocation:


error: Environment variable not found: DATABASE_URL.
  -->  schema.prisma:11
   | 
10 |   provider = "mysql"
11 |   url      = env("DATABASE_URL")
   | 

Validation Error Count: 1
    at <unknown> (-->  schema.prisma:11)
    at async h (.next/server/chunks/ssr/[root-of-the-server]__ec9df5af._.js:1:2698) {
  clientVersion: '5.16.0',
  errorCode: undefined,
  digest: '905238828'
}
⨯ Error [PrismaClientInitializationError]: 
Invalid `prisma.category.findUnique()` invocation:


error: Environment variable not found: DATABASE_URL.
  -->  schema.prisma:11
   | 
10 |   provider = "mysql"
11 |   url      = env("DATABASE_URL")
   | 

Validation Error Count: 1
    at <unknown> (-->  schema.prisma:11)
    at async h (.next/server/chunks/ssr/[root-of-the-server]__ec9df5af._.js:1:2698) {
  clientVersion: '5.16.0',
  errorCode: undefined,
  digest: '905238828'
}
⨯ Error [PrismaClientInitializationError]: 
Invalid `prisma.category.findUnique()` invocation:


error: Environment variable not found: DATABASE_URL.
  -->  schema.prisma:11
   | 
10 |   provider = "mysql"
11 |   url      = env("DATABASE_URL")
   | 

Validation Error Count: 1
    at <unknown> (-->  schema.prisma:11)
    at async h (.next/server/chunks/ssr/[root-of-the-server]__ec9df5af._.js:1:2698) {
  clientVersion: '5.16.0',
  errorCode: undefined,
  digest: '905238828'
}
Error: MISSING_MESSAGE: Footer.address (en)
    at j (.next/server/chunks/ssr/_f9f6f050._.js:3:6971) {
  code: 'MISSING_MESSAGE',
  originalMessage: 'Footer.address (en)'
}
Error: MISSING_MESSAGE: Footer.rightsReserved (en)
    at j (.next/server/chunks/ssr/_f9f6f050._.js:3:7725) {
  code: 'MISSING_MESSAGE',
  originalMessage: 'Footer.rightsReserved (en)'
}
⨯ Error [PrismaClientInitializationError]: 
Invalid `prisma.category.findUnique()` invocation:


error: Environment variable not found: DATABASE_URL.
  -->  schema.prisma:11
   | 
10 |   provider = "mysql"
11 |   url      = env("DATABASE_URL")
   | 

Validation Error Count: 1
    at <unknown> (-->  schema.prisma:11)
    at async h (.next/server/chunks/ssr/[root-of-the-server]__ec9df5af._.js:1:2698) {
  clientVersion: '5.16.0',
  errorCode: undefined,
  digest: '905238828'
}
Error [PrismaClientInitializationError]: 
Invalid `prisma.category.findUnique()` invocation:


error: Environment variable not found: DATABASE_URL.
  -->  schema.prisma:11
   | 
10 |   provider = "mysql"
11 |   url      = env("DATABASE_URL")
   | 

Validation Error Count: 1
    at <unknown> (-->  schema.prisma:11)
    at async h (.next/server/chunks/ssr/[root-of-the-server]__ec9df5af._.js:1:2698) {
  clientVersion: '5.16.0',
  errorCode: undefined,
  digest: '905238828'
}
⨯ Error [PrismaClientInitializationError]: 
Invalid `prisma.category.findUnique()` invocation:


error: Environment variable not found: DATABASE_URL.
  -->  schema.prisma:11
   | 
10 |   provider = "mysql"
11 |   url      = env("DATABASE_URL")
   | 

Validation Error Count: 1
    at <unknown> (-->  schema.prisma:11)
    at async h (.next/server/chunks/ssr/[root-of-the-server]__ec9df5af._.js:1:2698) {
  clientVersion: '5.16.0',
  errorCode: undefined,
  digest: '905238828'
}
⨯ Error [PrismaClientInitializationError]: 
Invalid `prisma.category.findUnique()` invocation:


error: Environment variable not found: DATABASE_URL.
  -->  schema.prisma:11
   | 
10 |   provider = "mysql"
11 |   url      = env("DATABASE_URL")
   | 

Validation Error Count: 1
    at <unknown> (-->  schema.prisma:11)
    at async h (.next/server/chunks/ssr/[root-of-the-server]__ec9df5af._.js:1:2698) {
  clientVersion: '5.16.0',
  errorCode: undefined,
  digest: '905238828'
}
Error: MISSING_MESSAGE: Footer.address (en)
    at j (.next/server/chunks/ssr/_f9f6f050._.js:3:6971) {
  code: 'MISSING_MESSAGE',
  originalMessage: 'Footer.address (en)'
}
Error: MISSING_MESSAGE: Footer.rightsReserved (en)
    at j (.next/server/chunks/ssr/_f9f6f050._.js:3:7725) {
  code: 'MISSING_MESSAGE',
  originalMessage: 'Footer.rightsReserved (en)'
}
Error: MISSING_MESSAGE: MixingTable (en)
    at <unknown> (.next/server/chunks/ssr/_03d8e486._.js:1:328)
    at <unknown> (.next/server/chunks/ssr/_03d8e486._.js:1:360)
    at <unknown> (.next/server/chunks/ssr/_03d8e486._.js:1:465)
    at <unknown> (.next/server/chunks/ssr/[root-of-the-server]__35851e98._.js:1:441)
    at async Module.g (.next/server/chunks/ssr/[root-of-the-server]__7a0b30df._.js:1:2608) {
  code: 'MISSING_MESSAGE',
  originalMessage: 'MixingTable (en)'
}
Error: MISSING_MESSAGE: MixingTable (en)
    at <unknown> (.next/server/chunks/ssr/_03d8e486._.js:1:328)
    at <unknown> (.next/server/chunks/ssr/_03d8e486._.js:1:360)
    at <unknown> (.next/server/chunks/ssr/_03d8e486._.js:1:465)
    at <unknown> (.next/server/chunks/ssr/[root-of-the-server]__35851e98._.js:1:441)
    at async Module.g (.next/server/chunks/ssr/[root-of-the-server]__7a0b30df._.js:1:2608) {
  code: 'MISSING_MESSAGE',
  originalMessage: 'MixingTable (en)'
}
Error: MISSING_MESSAGE: MixingTable (en)
    at <unknown> (.next/server/chunks/ssr/_03d8e486._.js:1:328)
    at <unknown> (.next/server/chunks/ssr/_03d8e486._.js:1:360)
    at <unknown> (.next/server/chunks/ssr/_03d8e486._.js:1:465)
    at <unknown> (.next/server/chunks/ssr/[root-of-the-server]__35851e98._.js:1:441)
    at async h (.next/server/chunks/ssr/[root-of-the-server]__7a0b30df._.js:1:2789) {
  code: 'MISSING_MESSAGE',
  originalMessage: 'MixingTable (en)'
}
Error: MISSING_MESSAGE: MixingTable (en)
    at <unknown> (.next/server/chunks/ssr/_03d8e486._.js:1:328)
    at <unknown> (.next/server/chunks/ssr/_03d8e486._.js:1:360)
    at <unknown> (.next/server/chunks/ssr/_03d8e486._.js:1:465)
    at <unknown> (.next/server/chunks/ssr/[root-of-the-server]__35851e98._.js:1:441)
    at async h (.next/server/chunks/ssr/[root-of-the-server]__7a0b30df._.js:1:2789) {
  code: 'MISSING_MESSAGE',
  originalMessage: 'MixingTable (en)'
}
Error: MISSING_MESSAGE: MixingTable (en)
    at <unknown> (.next/server/chunks/ssr/_03d8e486._.js:1:328)
    at <unknown> (.next/server/chunks/ssr/_03d8e486._.js:1:360)
    at <unknown> (.next/server/chunks/ssr/_03d8e486._.js:1:465)
    at <unknown> (.next/server/chunks/ssr/[root-of-the-server]__35851e98._.js:1:441)
    at async h (.next/server/chunks/ssr/[root-of-the-server]__7a0b30df._.js:1:2789) {
  code: 'MISSING_MESSAGE',
  originalMessage: 'MixingTable (en)'
}
Error: MISSING_MESSAGE: MixingTable (en)
    at <unknown> (.next/server/chunks/ssr/_03d8e486._.js:1:328)
    at <unknown> (.next/server/chunks/ssr/_03d8e486._.js:1:360)
    at <unknown> (.next/server/chunks/ssr/_03d8e486._.js:1:465)
    at <unknown> (.next/server/chunks/ssr/[root-of-the-server]__35851e98._.js:1:441)
    at async h (.next/server/chunks/ssr/[root-of-the-server]__7a0b30df._.js:1:2789) {
  code: 'MISSING_MESSAGE',
  originalMessage: 'MixingTable (en)'
}
Error: MISSING_MESSAGE: MixingTable (en)
    at <unknown> (.next/server/chunks/ssr/_03d8e486._.js:1:328)
    at <unknown> (.next/server/chunks/ssr/_03d8e486._.js:1:360)
    at <unknown> (.next/server/chunks/ssr/_03d8e486._.js:1:465)
    at <unknown> (.next/server/chunks/ssr/[root-of-the-server]__35851e98._.js:1:441)
    at async h (.next/server/chunks/ssr/[root-of-the-server]__7a0b30df._.js:1:2789) {
  code: 'MISSING_MESSAGE',
  originalMessage: 'MixingTable (en)'
}
Error: MISSING_MESSAGE: MixingTable (en)
    at <unknown> (.next/server/chunks/ssr/_03d8e486._.js:1:328)
    at <unknown> (.next/server/chunks/ssr/_03d8e486._.js:1:360)
    at <unknown> (.next/server/chunks/ssr/_03d8e486._.js:1:465)
    at <unknown> (.next/server/chunks/ssr/[root-of-the-server]__35851e98._.js:1:441)
    at async h (.next/server/chunks/ssr/[root-of-the-server]__7a0b30df._.js:1:2789) {
  code: 'MISSING_MESSAGE',
  originalMessage: 'MixingTable (en)'
}
Error: MISSING_MESSAGE: Footer.address (en)
    at j (.next/server/chunks/ssr/_f9f6f050._.js:3:6971) {
  code: 'MISSING_MESSAGE',
  originalMessage: 'Footer.address (en)'
}
Error: MISSING_MESSAGE: Footer.rightsReserved (en)
    at j (.next/server/chunks/ssr/_f9f6f050._.js:3:7725) {
  code: 'MISSING_MESSAGE',
  originalMessage: 'Footer.rightsReserved (en)'
}
⨯ Error [PrismaClientInitializationError]: 
Invalid `prisma.category.findUnique()` invocation:


error: Environment variable not found: DATABASE_URL.
  -->  schema.prisma:11
   | 
10 |   provider = "mysql"
11 |   url      = env("DATABASE_URL")
   | 

Validation Error Count: 1
    at <unknown> (-->  schema.prisma:11)
    at async h (.next/server/chunks/ssr/[root-of-the-server]__ec9df5af._.js:1:2698) {
  clientVersion: '5.16.0',
  errorCode: undefined,
  digest: '905238828'
}
Error [PrismaClientInitializationError]: 
Invalid `prisma.category.findUnique()` invocation:


error: Environment variable not found: DATABASE_URL.
  -->  schema.prisma:11
   | 
10 |   provider = "mysql"
11 |   url      = env("DATABASE_URL")
   | 

Validation Error Count: 1
    at <unknown> (-->  schema.prisma:11)
    at async h (.next/server/chunks/ssr/[root-of-the-server]__ec9df5af._.js:1:2698) {
  clientVersion: '5.16.0',
  errorCode: undefined,
  digest: '905238828'
}
⨯ Error [PrismaClientInitializationError]: 
Invalid `prisma.category.findUnique()` invocation:


error: Environment variable not found: DATABASE_URL.
  -->  schema.prisma:11
   | 
10 |   provider = "mysql"
11 |   url      = env("DATABASE_URL")
   | 

Validation Error Count: 1
    at <unknown> (-->  schema.prisma:11)
    at async h (.next/server/chunks/ssr/[root-of-the-server]__ec9df5af._.js:1:2698) {
  clientVersion: '5.16.0',
  errorCode: undefined,
  digest: '905238828'
}
⨯ Error [PrismaClientInitializationError]: 
Invalid `prisma.category.findUnique()` invocation:


error: Environment variable not found: DATABASE_URL.
  -->  schema.prisma:11
   | 
10 |   provider = "mysql"
11 |   url      = env("DATABASE_URL")
   | 

Validation Error Count: 1
    at <unknown> (-->  schema.prisma:11)
    at async h (.next/server/chunks/ssr/[root-of-the-server]__ec9df5af._.js:1:2698) {
  clientVersion: '5.16.0',
  errorCode: undefined,
  digest: '905238828'
}
Error: MISSING_MESSAGE: Footer.address (en)
    at j (.next/server/chunks/ssr/_f9f6f050._.js:3:6971) {
  code: 'MISSING_MESSAGE',
  originalMessage: 'Footer.address (en)'
}
Error: MISSING_MESSAGE: Footer.rightsReserved (en)
    at j (.next/server/chunks/ssr/_f9f6f050._.js:3:7725) {
  code: 'MISSING_MESSAGE',
  originalMessage: 'Footer.rightsReserved (en)'
}
Error: MISSING_MESSAGE: AboutNew (en)
    at <unknown> (.next/server/chunks/ssr/_03d8e486._.js:1:328)
    at <unknown> (.next/server/chunks/ssr/_03d8e486._.js:1:360)
    at <unknown> (.next/server/chunks/ssr/_03d8e486._.js:1:465)
    at <unknown> (.next/server/chunks/ssr/[root-of-the-server]__35851e98._.js:1:441)
    at async e (.next/server/chunks/ssr/[root-of-the-server]__b29d6225._.js:1:750) {
  code: 'MISSING_MESSAGE',
  originalMessage: 'AboutNew (en)'
}
Error: MISSING_MESSAGE: AboutNew (en)
    at <unknown> (.next/server/chunks/ssr/_03d8e486._.js:1:328)
    at <unknown> (.next/server/chunks/ssr/_03d8e486._.js:1:360)
    at <unknown> (.next/server/chunks/ssr/_03d8e486._.js:1:465)
    at <unknown> (.next/server/chunks/ssr/[root-of-the-server]__35851e98._.js:1:441)
    at async e (.next/server/chunks/ssr/[root-of-the-server]__b29d6225._.js:1:750) {
  code: 'MISSING_MESSAGE',
  originalMessage: 'AboutNew (en)'
}
Error: MISSING_MESSAGE: AboutNew (en)
    at <unknown> (.next/server/chunks/ssr/_03d8e486._.js:1:328)
    at <unknown> (.next/server/chunks/ssr/_03d8e486._.js:1:360)
    at <unknown> (.next/server/chunks/ssr/_03d8e486._.js:1:465)
    at <unknown> (.next/server/chunks/ssr/[root-of-the-server]__35851e98._.js:1:441)
    at async e (.next/server/chunks/ssr/[root-of-the-server]__b29d6225._.js:1:750) {
  code: 'MISSING_MESSAGE',
  originalMessage: 'AboutNew (en)'
}
Error: MISSING_MESSAGE: AboutNew (en)
    at <unknown> (.next/server/chunks/ssr/_03d8e486._.js:1:328)
    at <unknown> (.next/server/chunks/ssr/_03d8e486._.js:1:360)
    at <unknown> (.next/server/chunks/ssr/_03d8e486._.js:1:465)
    at <unknown> (.next/server/chunks/ssr/[root-of-the-server]__35851e98._.js:1:441)
    at async e (.next/server/chunks/ssr/[root-of-the-server]__b29d6225._.js:1:750) {
  code: 'MISSING_MESSAGE',
  originalMessage: 'AboutNew (en)'
}
Error: MISSING_MESSAGE: AboutNew (en)
    at <unknown> (.next/server/chunks/ssr/_03d8e486._.js:1:328)
    at <unknown> (.next/server/chunks/ssr/_03d8e486._.js:1:360)
    at <unknown> (.next/server/chunks/ssr/_03d8e486._.js:1:465)
    at <unknown> (.next/server/chunks/ssr/[root-of-the-server]__35851e98._.js:1:441)
    at async e (.next/server/chunks/ssr/[root-of-the-server]__b29d6225._.js:1:750) {
  code: 'MISSING_MESSAGE',
  originalMessage: 'AboutNew (en)'
}
Error: MISSING_MESSAGE: AboutNew (en)
    at <unknown> (.next/server/chunks/ssr/_03d8e486._.js:1:328)
    at <unknown> (.next/server/chunks/ssr/_03d8e486._.js:1:360)
    at <unknown> (.next/server/chunks/ssr/_03d8e486._.js:1:465)
    at <unknown> (.next/server/chunks/ssr/[root-of-the-server]__35851e98._.js:1:441)
    at async e (.next/server/chunks/ssr/[root-of-the-server]__b29d6225._.js:1:750) {
  code: 'MISSING_MESSAGE',
  originalMessage: 'AboutNew (en)'
}
Error: MISSING_MESSAGE: AboutNew (en)
    at <unknown> (.next/server/chunks/ssr/_03d8e486._.js:1:328)
    at <unknown> (.next/server/chunks/ssr/_03d8e486._.js:1:360)
    at <unknown> (.next/server/chunks/ssr/_03d8e486._.js:1:465)
    at <unknown> (.next/server/chunks/ssr/[root-of-the-server]__35851e98._.js:1:441)
    at async e (.next/server/chunks/ssr/[root-of-the-server]__b29d6225._.js:1:750) {
  code: 'MISSING_MESSAGE',
  originalMessage: 'AboutNew (en)'
}
Error: MISSING_MESSAGE: AboutNew (en)
    at <unknown> (.next/server/chunks/ssr/_03d8e486._.js:1:328)
    at <unknown> (.next/server/chunks/ssr/_03d8e486._.js:1:360)
    at <unknown> (.next/server/chunks/ssr/_03d8e486._.js:1:465)
    at <unknown> (.next/server/chunks/ssr/[root-of-the-server]__35851e98._.js:1:441)
    at async e (.next/server/chunks/ssr/[root-of-the-server]__b29d6225._.js:1:750) {
  code: 'MISSING_MESSAGE',
  originalMessage: 'AboutNew (en)'
}
Error: MISSING_MESSAGE: AboutNew (en)
    at <unknown> (.next/server/chunks/ssr/_03d8e486._.js:1:328)
    at <unknown> (.next/server/chunks/ssr/_03d8e486._.js:1:360)
    at <unknown> (.next/server/chunks/ssr/_03d8e486._.js:1:465)
    at <unknown> (.next/server/chunks/ssr/[root-of-the-server]__35851e98._.js:1:441)
    at async e (.next/server/chunks/ssr/[root-of-the-server]__b29d6225._.js:1:750) {
  code: 'MISSING_MESSAGE',
  originalMessage: 'AboutNew (en)'
}
Error: MISSING_MESSAGE: AboutNew (en)
    at <unknown> (.next/server/chunks/ssr/_03d8e486._.js:1:328)
    at <unknown> (.next/server/chunks/ssr/_03d8e486._.js:1:360)
    at <unknown> (.next/server/chunks/ssr/_03d8e486._.js:1:465)
    at <unknown> (.next/server/chunks/ssr/[root-of-the-server]__35851e98._.js:1:441)
    at async e (.next/server/chunks/ssr/[root-of-the-server]__b29d6225._.js:1:750) {
  code: 'MISSING_MESSAGE',
  originalMessage: 'AboutNew (en)'
}
Error: MISSING_MESSAGE: AboutNew (en)
    at <unknown> (.next/server/chunks/ssr/_03d8e486._.js:1:328)
    at <unknown> (.next/server/chunks/ssr/_03d8e486._.js:1:360)
    at <unknown> (.next/server/chunks/ssr/_03d8e486._.js:1:465)
    at <unknown> (.next/server/chunks/ssr/[root-of-the-server]__35851e98._.js:1:441)
    at async e (.next/server/chunks/ssr/[root-of-the-server]__b29d6225._.js:1:750) {
  code: 'MISSING_MESSAGE',
  originalMessage: 'AboutNew (en)'
}
Error: MISSING_MESSAGE: AboutNew (en)
    at <unknown> (.next/server/chunks/ssr/_03d8e486._.js:1:328)
    at <unknown> (.next/server/chunks/ssr/_03d8e486._.js:1:360)
    at <unknown> (.next/server/chunks/ssr/_03d8e486._.js:1:465)
    at <unknown> (.next/server/chunks/ssr/[root-of-the-server]__35851e98._.js:1:441)
    at async e (.next/server/chunks/ssr/[root-of-the-server]__b29d6225._.js:1:750) {
  code: 'MISSING_MESSAGE',
  originalMessage: 'AboutNew (en)'
}
Error: MISSING_MESSAGE: AboutNew (en)
    at <unknown> (.next/server/chunks/ssr/_03d8e486._.js:1:328)
    at <unknown> (.next/server/chunks/ssr/_03d8e486._.js:1:360)
    at <unknown> (.next/server/chunks/ssr/_03d8e486._.js:1:465)
    at <unknown> (.next/server/chunks/ssr/[root-of-the-server]__35851e98._.js:1:441)
    at async e (.next/server/chunks/ssr/[root-of-the-server]__b29d6225._.js:1:750) {
  code: 'MISSING_MESSAGE',
  originalMessage: 'AboutNew (en)'
}
Error: MISSING_MESSAGE: LocalRepresentatives (en)
    at <unknown> (.next/server/chunks/ssr/_03d8e486._.js:1:328)
    at <unknown> (.next/server/chunks/ssr/_03d8e486._.js:1:360)
    at <unknown> (.next/server/chunks/ssr/_03d8e486._.js:1:465)
    at <unknown> (.next/server/chunks/ssr/[root-of-the-server]__35851e98._.js:1:441)
    at async f (.next/server/chunks/ssr/[root-of-the-server]__91ec9e97._.js:1:954) {
  code: 'MISSING_MESSAGE',
  originalMessage: 'LocalRepresentatives (en)'
}
Error: MISSING_MESSAGE: LocalRepresentatives (en)
    at <unknown> (.next/server/chunks/ssr/_03d8e486._.js:1:328)
    at <unknown> (.next/server/chunks/ssr/_03d8e486._.js:1:360)
    at <unknown> (.next/server/chunks/ssr/_03d8e486._.js:1:465)
    at <unknown> (.next/server/chunks/ssr/[root-of-the-server]__35851e98._.js:1:441)
    at async f (.next/server/chunks/ssr/[root-of-the-server]__91ec9e97._.js:1:954) {
  code: 'MISSING_MESSAGE',
  originalMessage: 'LocalRepresentatives (en)'
}
Error: MISSING_MESSAGE: LocalRepresentatives (en)
    at <unknown> (.next/server/chunks/ssr/_03d8e486._.js:1:328)
    at <unknown> (.next/server/chunks/ssr/_03d8e486._.js:1:360)
    at <unknown> (.next/server/chunks/ssr/_03d8e486._.js:1:465)
    at <unknown> (.next/server/chunks/ssr/[root-of-the-server]__35851e98._.js:1:441)
    at async f (.next/server/chunks/ssr/[root-of-the-server]__91ec9e97._.js:1:954) {
  code: 'MISSING_MESSAGE',
  originalMessage: 'LocalRepresentatives (en)'
}
Error: MISSING_MESSAGE: LocalRepresentatives (en)
    at <unknown> (.next/server/chunks/ssr/_03d8e486._.js:1:328)
    at <unknown> (.next/server/chunks/ssr/_03d8e486._.js:1:360)
    at <unknown> (.next/server/chunks/ssr/_03d8e486._.js:1:465)
    at <unknown> (.next/server/chunks/ssr/[root-of-the-server]__35851e98._.js:1:441)
    at async f (.next/server/chunks/ssr/[root-of-the-server]__91ec9e97._.js:1:954) {
  code: 'MISSING_MESSAGE',
  originalMessage: 'LocalRepresentatives (en)'
}
Error: MISSING_MESSAGE: LocalRepresentatives (en)
    at <unknown> (.next/server/chunks/ssr/_03d8e486._.js:1:328)
    at <unknown> (.next/server/chunks/ssr/_03d8e486._.js:1:360)
    at <unknown> (.next/server/chunks/ssr/_03d8e486._.js:1:465)
    at <unknown> (.next/server/chunks/ssr/[root-of-the-server]__35851e98._.js:1:441)
    at async f (.next/server/chunks/ssr/[root-of-the-server]__91ec9e97._.js:1:954) {
  code: 'MISSING_MESSAGE',
  originalMessage: 'LocalRepresentatives (en)'
}
Error: MISSING_MESSAGE: LocalRepresentatives (en)
    at <unknown> (.next/server/chunks/ssr/_03d8e486._.js:1:328)
    at <unknown> (.next/server/chunks/ssr/_03d8e486._.js:1:360)
    at <unknown> (.next/server/chunks/ssr/_03d8e486._.js:1:465)
    at <unknown> (.next/server/chunks/ssr/[root-of-the-server]__35851e98._.js:1:441)
    at async f (.next/server/chunks/ssr/[root-of-the-server]__91ec9e97._.js:1:954) {
  code: 'MISSING_MESSAGE',
  originalMessage: 'LocalRepresentatives (en)'
}
Error: MISSING_MESSAGE: LocalRepresentatives (en)
    at <unknown> (.next/server/chunks/ssr/_03d8e486._.js:1:328)
    at <unknown> (.next/server/chunks/ssr/_03d8e486._.js:1:360)
    at <unknown> (.next/server/chunks/ssr/_03d8e486._.js:1:465)
    at <unknown> (.next/server/chunks/ssr/[root-of-the-server]__35851e98._.js:1:441)
    at async f (.next/server/chunks/ssr/[root-of-the-server]__91ec9e97._.js:1:954) {
  code: 'MISSING_MESSAGE',
  originalMessage: 'LocalRepresentatives (en)'
}
Error: MISSING_MESSAGE: LocalRepresentatives (en)
    at <unknown> (.next/server/chunks/ssr/_03d8e486._.js:1:328)
    at <unknown> (.next/server/chunks/ssr/_03d8e486._.js:1:360)
    at <unknown> (.next/server/chunks/ssr/_03d8e486._.js:1:465)
    at <unknown> (.next/server/chunks/ssr/[root-of-the-server]__35851e98._.js:1:441)
    at async f (.next/server/chunks/ssr/[root-of-the-server]__91ec9e97._.js:1:954) {
  code: 'MISSING_MESSAGE',
  originalMessage: 'LocalRepresentatives (en)'
}
Error: MISSING_MESSAGE: LocalRepresentatives (en)
    at <unknown> (.next/server/chunks/ssr/_03d8e486._.js:1:328)
    at <unknown> (.next/server/chunks/ssr/_03d8e486._.js:1:360)
    at <unknown> (.next/server/chunks/ssr/_03d8e486._.js:1:465)
    at <unknown> (.next/server/chunks/ssr/[root-of-the-server]__35851e98._.js:1:441)
    at async f (.next/server/chunks/ssr/[root-of-the-server]__91ec9e97._.js:1:954) {
  code: 'MISSING_MESSAGE',
  originalMessage: 'LocalRepresentatives (en)'
}
Error: MISSING_MESSAGE: LocalRepresentatives (en)
    at <unknown> (.next/server/chunks/ssr/_03d8e486._.js:1:328)
    at <unknown> (.next/server/chunks/ssr/_03d8e486._.js:1:360)
    at <unknown> (.next/server/chunks/ssr/_03d8e486._.js:1:465)
    at <unknown> (.next/server/chunks/ssr/[root-of-the-server]__35851e98._.js:1:441)
    at async f (.next/server/chunks/ssr/[root-of-the-server]__91ec9e97._.js:1:954) {
  code: 'MISSING_MESSAGE',
  originalMessage: 'LocalRepresentatives (en)'
}
Error: MISSING_MESSAGE: Footer.address (en)
    at j (.next/server/chunks/ssr/_f9f6f050._.js:3:6971) {
  code: 'MISSING_MESSAGE',
  originalMessage: 'Footer.address (en)'
}
Error: MISSING_MESSAGE: Footer.rightsReserved (en)
    at j (.next/server/chunks/ssr/_f9f6f050._.js:3:7725) {
  code: 'MISSING_MESSAGE',
  originalMessage: 'Footer.rightsReserved (en)'
}
Error: MISSING_MESSAGE: LocalRepresentatives (en)
    at <unknown> (.next/server/chunks/ssr/_03d8e486._.js:1:328)
    at <unknown> (.next/server/chunks/ssr/_03d8e486._.js:1:360)
    at <unknown> (.next/server/chunks/ssr/_03d8e486._.js:1:465)
    at <unknown> (.next/server/chunks/ssr/[root-of-the-server]__35851e98._.js:1:441)
    at async f (.next/server/chunks/ssr/[root-of-the-server]__91ec9e97._.js:1:954) {
  code: 'MISSING_MESSAGE',
  originalMessage: 'LocalRepresentatives (en)'
}
Error: MISSING_MESSAGE: LocalRepresentatives (en)
    at <unknown> (.next/server/chunks/ssr/_03d8e486._.js:1:328)
    at <unknown> (.next/server/chunks/ssr/_03d8e486._.js:1:360)
    at <unknown> (.next/server/chunks/ssr/_03d8e486._.js:1:465)
    at <unknown> (.next/server/chunks/ssr/[root-of-the-server]__35851e98._.js:1:441)
    at async f (.next/server/chunks/ssr/[root-of-the-server]__91ec9e97._.js:1:954) {
  code: 'MISSING_MESSAGE',
  originalMessage: 'LocalRepresentatives (en)'
}
Error: MISSING_MESSAGE: ExportDepartment (en)
    at <unknown> (.next/server/chunks/ssr/_03d8e486._.js:1:328)
    at <unknown> (.next/server/chunks/ssr/_03d8e486._.js:1:360)
    at <unknown> (.next/server/chunks/ssr/_03d8e486._.js:1:465)
    at <unknown> (.next/server/chunks/ssr/[root-of-the-server]__35851e98._.js:1:441)
    at async f (.next/server/chunks/ssr/[root-of-the-server]__24ffc2e4._.js:1:950) {
  code: 'MISSING_MESSAGE',
  originalMessage: 'ExportDepartment (en)'
}
Error: MISSING_MESSAGE: ExportDepartment (en)
    at <unknown> (.next/server/chunks/ssr/_03d8e486._.js:1:328)
    at <unknown> (.next/server/chunks/ssr/_03d8e486._.js:1:360)
    at <unknown> (.next/server/chunks/ssr/_03d8e486._.js:1:465)
    at <unknown> (.next/server/chunks/ssr/[root-of-the-server]__35851e98._.js:1:441)
    at async f (.next/server/chunks/ssr/[root-of-the-server]__24ffc2e4._.js:1:950) {
  code: 'MISSING_MESSAGE',
  originalMessage: 'ExportDepartment (en)'
}
Error: MISSING_MESSAGE: ExportDepartment (en)
    at <unknown> (.next/server/chunks/ssr/_03d8e486._.js:1:328)
    at <unknown> (.next/server/chunks/ssr/_03d8e486._.js:1:360)
    at <unknown> (.next/server/chunks/ssr/_03d8e486._.js:1:465)
    at <unknown> (.next/server/chunks/ssr/[root-of-the-server]__35851e98._.js:1:441)
    at async f (.next/server/chunks/ssr/[root-of-the-server]__24ffc2e4._.js:1:950) {
  code: 'MISSING_MESSAGE',
  originalMessage: 'ExportDepartment (en)'
}
Error: MISSING_MESSAGE: ExportDepartment (en)
    at <unknown> (.next/server/chunks/ssr/_03d8e486._.js:1:328)
    at <unknown> (.next/server/chunks/ssr/_03d8e486._.js:1:360)
    at <unknown> (.next/server/chunks/ssr/_03d8e486._.js:1:465)
    at <unknown> (.next/server/chunks/ssr/[root-of-the-server]__35851e98._.js:1:441)
    at async f (.next/server/chunks/ssr/[root-of-the-server]__24ffc2e4._.js:1:950) {
  code: 'MISSING_MESSAGE',
  originalMessage: 'ExportDepartment (en)'
}
Error: MISSING_MESSAGE: ExportDepartment (en)
    at <unknown> (.next/server/chunks/ssr/_03d8e486._.js:1:328)
    at <unknown> (.next/server/chunks/ssr/_03d8e486._.js:1:360)
    at <unknown> (.next/server/chunks/ssr/_03d8e486._.js:1:465)
    at <unknown> (.next/server/chunks/ssr/[root-of-the-server]__35851e98._.js:1:441)
    at async f (.next/server/chunks/ssr/[root-of-the-server]__24ffc2e4._.js:1:950) {
  code: 'MISSING_MESSAGE',
  originalMessage: 'ExportDepartment (en)'
}
Error: MISSING_MESSAGE: ExportDepartment (en)
    at <unknown> (.next/server/chunks/ssr/_03d8e486._.js:1:328)
    at <unknown> (.next/server/chunks/ssr/_03d8e486._.js:1:360)
    at <unknown> (.next/server/chunks/ssr/_03d8e486._.js:1:465)
    at <unknown> (.next/server/chunks/ssr/[root-of-the-server]__35851e98._.js:1:441)
    at async f (.next/server/chunks/ssr/[root-of-the-server]__24ffc2e4._.js:1:950) {
  code: 'MISSING_MESSAGE',
  originalMessage: 'ExportDepartment (en)'
}
Error: MISSING_MESSAGE: ExportDepartment (en)
    at <unknown> (.next/server/chunks/ssr/_03d8e486._.js:1:328)
    at <unknown> (.next/server/chunks/ssr/_03d8e486._.js:1:360)
    at <unknown> (.next/server/chunks/ssr/_03d8e486._.js:1:465)
    at <unknown> (.next/server/chunks/ssr/[root-of-the-server]__35851e98._.js:1:441)
    at async f (.next/server/chunks/ssr/[root-of-the-server]__24ffc2e4._.js:1:950) {
  code: 'MISSING_MESSAGE',
  originalMessage: 'ExportDepartment (en)'
}
Error: MISSING_MESSAGE: ExportDepartment (en)
    at <unknown> (.next/server/chunks/ssr/_03d8e486._.js:1:328)
    at <unknown> (.next/server/chunks/ssr/_03d8e486._.js:1:360)
    at <unknown> (.next/server/chunks/ssr/_03d8e486._.js:1:465)
    at <unknown> (.next/server/chunks/ssr/[root-of-the-server]__35851e98._.js:1:441)
    at async f (.next/server/chunks/ssr/[root-of-the-server]__24ffc2e4._.js:1:950) {
  code: 'MISSING_MESSAGE',
  originalMessage: 'ExportDepartment (en)'
}
Error: MISSING_MESSAGE: ExportDepartment (en)
    at <unknown> (.next/server/chunks/ssr/_03d8e486._.js:1:328)
    at <unknown> (.next/server/chunks/ssr/_03d8e486._.js:1:360)
    at <unknown> (.next/server/chunks/ssr/_03d8e486._.js:1:465)
    at <unknown> (.next/server/chunks/ssr/[root-of-the-server]__35851e98._.js:1:441)
    at async f (.next/server/chunks/ssr/[root-of-the-server]__24ffc2e4._.js:1:950) {
  code: 'MISSING_MESSAGE',
  originalMessage: 'ExportDepartment (en)'
}
Error: MISSING_MESSAGE: ExportDepartment (en)
    at <unknown> (.next/server/chunks/ssr/_03d8e486._.js:1:328)
    at <unknown> (.next/server/chunks/ssr/_03d8e486._.js:1:360)
    at <unknown> (.next/server/chunks/ssr/_03d8e486._.js:1:465)
    at <unknown> (.next/server/chunks/ssr/[root-of-the-server]__35851e98._.js:1:441)
    at async f (.next/server/chunks/ssr/[root-of-the-server]__24ffc2e4._.js:1:950) {
  code: 'MISSING_MESSAGE',
  originalMessage: 'ExportDepartment (en)'
}
Error: MISSING_MESSAGE: ExportDepartment (en)
    at <unknown> (.next/server/chunks/ssr/_03d8e486._.js:1:328)
    at <unknown> (.next/server/chunks/ssr/_03d8e486._.js:1:360)
    at <unknown> (.next/server/chunks/ssr/_03d8e486._.js:1:465)
    at <unknown> (.next/server/chunks/ssr/[root-of-the-server]__35851e98._.js:1:441)
    at async f (.next/server/chunks/ssr/[root-of-the-server]__24ffc2e4._.js:1:950) {
  code: 'MISSING_MESSAGE',
  originalMessage: 'ExportDepartment (en)'
}
Error: MISSING_MESSAGE: ExportDepartment (en)
    at <unknown> (.next/server/chunks/ssr/_03d8e486._.js:1:328)
    at <unknown> (.next/server/chunks/ssr/_03d8e486._.js:1:360)
    at <unknown> (.next/server/chunks/ssr/_03d8e486._.js:1:465)
    at <unknown> (.next/server/chunks/ssr/[root-of-the-server]__35851e98._.js:1:441)
    at async f (.next/server/chunks/ssr/[root-of-the-server]__24ffc2e4._.js:1:950) {
  code: 'MISSING_MESSAGE',
  originalMessage: 'ExportDepartment (en)'
}
Error: MISSING_MESSAGE: Footer.address (en)
    at j (.next/server/chunks/ssr/_f9f6f050._.js:3:6971) {
  code: 'MISSING_MESSAGE',
  originalMessage: 'Footer.address (en)'
}
Error: MISSING_MESSAGE: Footer.rightsReserved (en)
    at j (.next/server/chunks/ssr/_f9f6f050._.js:3:7725) {
  code: 'MISSING_MESSAGE',
  originalMessage: 'Footer.rightsReserved (en)'
}
Error: MISSING_MESSAGE: ExportDepartment (en)
    at <unknown> (.next/server/chunks/ssr/_03d8e486._.js:1:328)
    at <unknown> (.next/server/chunks/ssr/_03d8e486._.js:1:360)
    at <unknown> (.next/server/chunks/ssr/_03d8e486._.js:1:465)
    at <unknown> (.next/server/chunks/ssr/[root-of-the-server]__35851e98._.js:1:441)
    at async f (.next/server/chunks/ssr/[root-of-the-server]__24ffc2e4._.js:1:950) {
  code: 'MISSING_MESSAGE',
  originalMessage: 'ExportDepartment (en)'
}
Error: MISSING_MESSAGE: ExportDepartment (en)
    at <unknown> (.next/server/chunks/ssr/_03d8e486._.js:1:328)
    at <unknown> (.next/server/chunks/ssr/_03d8e486._.js:1:360)
    at <unknown> (.next/server/chunks/ssr/_03d8e486._.js:1:465)
    at <unknown> (.next/server/chunks/ssr/[root-of-the-server]__35851e98._.js:1:441)
    at async f (.next/server/chunks/ssr/[root-of-the-server]__24ffc2e4._.js:1:950) {
  code: 'MISSING_MESSAGE',
  originalMessage: 'ExportDepartment (en)'
}
Error: MISSING_MESSAGE: Footer.address (en)
    at j (.next/server/chunks/ssr/_f9f6f050._.js:3:6971) {
  code: 'MISSING_MESSAGE',
  originalMessage: 'Footer.address (en)'
}
Error: MISSING_MESSAGE: Footer.rightsReserved (en)
    at j (.next/server/chunks/ssr/_f9f6f050._.js:3:7725) {
  code: 'MISSING_MESSAGE',
  originalMessage: 'Footer.rightsReserved (en)'
}
Error: MISSING_MESSAGE: About (en)
    at <unknown> (.next/server/chunks/ssr/_03d8e486._.js:1:328)
    at <unknown> (.next/server/chunks/ssr/_03d8e486._.js:1:360)
    at <unknown> (.next/server/chunks/ssr/_03d8e486._.js:1:465)
    at <unknown> (.next/server/chunks/ssr/[root-of-the-server]__35851e98._.js:1:441)
    at async g (.next/server/chunks/ssr/[root-of-the-server]__2d0c5a0b._.js:1:1180) {
  code: 'MISSING_MESSAGE',
  originalMessage: 'About (en)'
}
Error: MISSING_MESSAGE: About (en)
    at <unknown> (.next/server/chunks/ssr/_03d8e486._.js:1:328)
    at <unknown> (.next/server/chunks/ssr/_03d8e486._.js:1:360)
    at <unknown> (.next/server/chunks/ssr/_03d8e486._.js:1:465)
    at <unknown> (.next/server/chunks/ssr/[root-of-the-server]__35851e98._.js:1:441)
    at async g (.next/server/chunks/ssr/[root-of-the-server]__2d0c5a0b._.js:1:1180) {
  code: 'MISSING_MESSAGE',
  originalMessage: 'About (en)'
}
Error: MISSING_MESSAGE: About (en)
    at <unknown> (.next/server/chunks/ssr/_03d8e486._.js:1:328)
    at <unknown> (.next/server/chunks/ssr/_03d8e486._.js:1:360)
    at <unknown> (.next/server/chunks/ssr/_03d8e486._.js:1:465)
    at <unknown> (.next/server/chunks/ssr/[root-of-the-server]__35851e98._.js:1:441)
    at async g (.next/server/chunks/ssr/[root-of-the-server]__2d0c5a0b._.js:1:1180) {
  code: 'MISSING_MESSAGE',
  originalMessage: 'About (en)'
}
Error: MISSING_MESSAGE: About (en)
    at <unknown> (.next/server/chunks/ssr/_03d8e486._.js:1:328)
    at <unknown> (.next/server/chunks/ssr/_03d8e486._.js:1:360)
    at <unknown> (.next/server/chunks/ssr/_03d8e486._.js:1:465)
    at <unknown> (.next/server/chunks/ssr/[root-of-the-server]__35851e98._.js:1:441)
    at async g (.next/server/chunks/ssr/[root-of-the-server]__2d0c5a0b._.js:1:1180) {
  code: 'MISSING_MESSAGE',
  originalMessage: 'About (en)'
}
Error: MISSING_MESSAGE: About (en)
    at <unknown> (.next/server/chunks/ssr/_03d8e486._.js:1:328)
    at <unknown> (.next/server/chunks/ssr/_03d8e486._.js:1:360)
    at <unknown> (.next/server/chunks/ssr/_03d8e486._.js:1:465)
    at <unknown> (.next/server/chunks/ssr/[root-of-the-server]__35851e98._.js:1:441)
    at async g (.next/server/chunks/ssr/[root-of-the-server]__2d0c5a0b._.js:1:1180) {
  code: 'MISSING_MESSAGE',
  originalMessage: 'About (en)'
}
Error: MISSING_MESSAGE: Footer.address (en)
    at j (.next/server/chunks/ssr/_f9f6f050._.js:3:6971) {
  code: 'MISSING_MESSAGE',
  originalMessage: 'Footer.address (en)'
}
Error: MISSING_MESSAGE: Footer.rightsReserved (en)
    at j (.next/server/chunks/ssr/_f9f6f050._.js:3:7725) {
  code: 'MISSING_MESSAGE',
  originalMessage: 'Footer.rightsReserved (en)'
}
Error: MISSING_MESSAGE: RdCentre (en)
    at <unknown> (.next/server/chunks/ssr/_03d8e486._.js:1:328)
    at <unknown> (.next/server/chunks/ssr/_03d8e486._.js:1:360)
    at <unknown> (.next/server/chunks/ssr/_03d8e486._.js:1:465)
    at <unknown> (.next/server/chunks/ssr/[root-of-the-server]__35851e98._.js:1:441)
    at async Module.c (.next/server/chunks/ssr/_7820ee45._.js:1:361) {
  code: 'MISSING_MESSAGE',
  originalMessage: 'RdCentre (en)'
}
Error: MISSING_MESSAGE: RdCentre (en)
    at <unknown> (.next/server/chunks/ssr/_03d8e486._.js:1:328)
    at <unknown> (.next/server/chunks/ssr/_03d8e486._.js:1:360)
    at <unknown> (.next/server/chunks/ssr/_03d8e486._.js:1:465)
    at <unknown> (.next/server/chunks/ssr/[root-of-the-server]__35851e98._.js:1:441)
    at async Module.c (.next/server/chunks/ssr/_7820ee45._.js:1:361) {
  code: 'MISSING_MESSAGE',
  originalMessage: 'RdCentre (en)'
}
Error: MISSING_MESSAGE: RdCentre (en)
    at <unknown> (.next/server/chunks/ssr/[root-of-the-server]__d9de7955._.js:1:10706)
    at g (.next/server/chunks/ssr/src_app_[locale]_(public)_about_rd-centre_page_tsx_3173fc50._.js:1:149) {
  code: 'MISSING_MESSAGE',
  originalMessage: 'RdCentre (en)'
}
Error: MISSING_MESSAGE: RdCentre (en)
    at <unknown> (.next/server/chunks/ssr/[root-of-the-server]__d9de7955._.js:1:10706)
    at g (.next/server/chunks/ssr/src_app_[locale]_(public)_about_rd-centre_page_tsx_3173fc50._.js:1:149) {
  code: 'MISSING_MESSAGE',
  originalMessage: 'RdCentre (en)'
}
Error: MISSING_MESSAGE: RdCentre (en)
    at <unknown> (.next/server/chunks/ssr/[root-of-the-server]__d9de7955._.js:1:10706)
    at g (.next/server/chunks/ssr/src_app_[locale]_(public)_about_rd-centre_page_tsx_3173fc50._.js:1:149) {
  code: 'MISSING_MESSAGE',
  originalMessage: 'RdCentre (en)'
}
Error: MISSING_MESSAGE: RdCentre (en)
    at <unknown> (.next/server/chunks/ssr/[root-of-the-server]__d9de7955._.js:1:10706)
    at g (.next/server/chunks/ssr/src_app_[locale]_(public)_about_rd-centre_page_tsx_3173fc50._.js:1:149) {
  code: 'MISSING_MESSAGE',
  originalMessage: 'RdCentre (en)'
}
Error: MISSING_MESSAGE: RdCentre (en)
    at <unknown> (.next/server/chunks/ssr/[root-of-the-server]__d9de7955._.js:1:10706)
    at g (.next/server/chunks/ssr/src_app_[locale]_(public)_about_rd-centre_page_tsx_3173fc50._.js:1:149) {
  code: 'MISSING_MESSAGE',
  originalMessage: 'RdCentre (en)'
}
Error: MISSING_MESSAGE: RdCentre (en)
    at <unknown> (.next/server/chunks/ssr/[root-of-the-server]__d9de7955._.js:1:10706)
    at g (.next/server/chunks/ssr/src_app_[locale]_(public)_about_rd-centre_page_tsx_3173fc50._.js:1:149) {
  code: 'MISSING_MESSAGE',
  originalMessage: 'RdCentre (en)'
}
Error: MISSING_MESSAGE: RdCentre (en)
    at <unknown> (.next/server/chunks/ssr/[root-of-the-server]__d9de7955._.js:1:10706)
    at g (.next/server/chunks/ssr/src_app_[locale]_(public)_about_rd-centre_page_tsx_3173fc50._.js:1:149) {
  code: 'MISSING_MESSAGE',
  originalMessage: 'RdCentre (en)'
}
Error: MISSING_MESSAGE: RdCentre (en)
    at <unknown> (.next/server/chunks/ssr/[root-of-the-server]__d9de7955._.js:1:10706)
    at g (.next/server/chunks/ssr/src_app_[locale]_(public)_about_rd-centre_page_tsx_3173fc50._.js:1:149) {
  code: 'MISSING_MESSAGE',
  originalMessage: 'RdCentre (en)'
}
Error: MISSING_MESSAGE: RdCentre (en)
    at <unknown> (.next/server/chunks/ssr/[root-of-the-server]__d9de7955._.js:1:10706)
    at g (.next/server/chunks/ssr/src_app_[locale]_(public)_about_rd-centre_page_tsx_3173fc50._.js:1:149) {
  code: 'MISSING_MESSAGE',
  originalMessage: 'RdCentre (en)'
}
Error: MISSING_MESSAGE: RdCentre (en)
    at <unknown> (.next/server/chunks/ssr/[root-of-the-server]__d9de7955._.js:1:10706)
    at g (.next/server/chunks/ssr/src_app_[locale]_(public)_about_rd-centre_page_tsx_3173fc50._.js:1:149) {
  code: 'MISSING_MESSAGE',
  originalMessage: 'RdCentre (en)'
}
Error: MISSING_MESSAGE: RdCentre (en)
    at <unknown> (.next/server/chunks/ssr/[root-of-the-server]__d9de7955._.js:1:10706)
    at g (.next/server/chunks/ssr/src_app_[locale]_(public)_about_rd-centre_page_tsx_3173fc50._.js:1:149) {
  code: 'MISSING_MESSAGE',
  originalMessage: 'RdCentre (en)'
}
Error: MISSING_MESSAGE: RdCentre (en)
    at <unknown> (.next/server/chunks/ssr/[root-of-the-server]__d9de7955._.js:1:10706)
    at g (.next/server/chunks/ssr/src_app_[locale]_(public)_about_rd-centre_page_tsx_3173fc50._.js:1:149) {
  code: 'MISSING_MESSAGE',
  originalMessage: 'RdCentre (en)'
}
Error: MISSING_MESSAGE: RdCentre (en)
    at <unknown> (.next/server/chunks/ssr/[root-of-the-server]__d9de7955._.js:1:10706)
    at g (.next/server/chunks/ssr/src_app_[locale]_(public)_about_rd-centre_page_tsx_3173fc50._.js:1:149) {
  code: 'MISSING_MESSAGE',
  originalMessage: 'RdCentre (en)'
}
Error: MISSING_MESSAGE: RdCentre (en)
    at <unknown> (.next/server/chunks/ssr/[root-of-the-server]__d9de7955._.js:1:10706)
    at g (.next/server/chunks/ssr/src_app_[locale]_(public)_about_rd-centre_page_tsx_3173fc50._.js:1:149) {
  code: 'MISSING_MESSAGE',
  originalMessage: 'RdCentre (en)'
}
Error: MISSING_MESSAGE: Footer.address (en)
    at j (.next/server/chunks/ssr/_f9f6f050._.js:3:6971) {
  code: 'MISSING_MESSAGE',
  originalMessage: 'Footer.address (en)'
}
Error: MISSING_MESSAGE: Footer.rightsReserved (en)
    at j (.next/server/chunks/ssr/_f9f6f050._.js:3:7725) {
  code: 'MISSING_MESSAGE',
  originalMessage: 'Footer.rightsReserved (en)'
}
Error: MISSING_MESSAGE: ProductsForAnimals (en)
    at <unknown> (.next/server/chunks/ssr/_03d8e486._.js:1:328)
    at <unknown> (.next/server/chunks/ssr/_03d8e486._.js:1:360)
    at <unknown> (.next/server/chunks/ssr/_03d8e486._.js:1:465)
    at <unknown> (.next/server/chunks/ssr/[root-of-the-server]__35851e98._.js:1:441)
    at async i (.next/server/chunks/ssr/[root-of-the-server]__823025ba._.js:1:1415) {
  code: 'MISSING_MESSAGE',
  originalMessage: 'ProductsForAnimals (en)'
}
Error: MISSING_MESSAGE: ProductsForAnimals (en)
    at <unknown> (.next/server/chunks/ssr/_03d8e486._.js:1:328)
    at <unknown> (.next/server/chunks/ssr/_03d8e486._.js:1:360)
    at <unknown> (.next/server/chunks/ssr/_03d8e486._.js:1:465)
    at <unknown> (.next/server/chunks/ssr/[root-of-the-server]__35851e98._.js:1:441)
    at async i (.next/server/chunks/ssr/[root-of-the-server]__823025ba._.js:1:1415) {
  code: 'MISSING_MESSAGE',
  originalMessage: 'ProductsForAnimals (en)'
}
Error: MISSING_MESSAGE: Footer.address (en)
    at j (.next/server/chunks/ssr/_f9f6f050._.js:3:6971) {
  code: 'MISSING_MESSAGE',
  originalMessage: 'Footer.address (en)'
}
Error: MISSING_MESSAGE: Footer.rightsReserved (en)
    at j (.next/server/chunks/ssr/_f9f6f050._.js:3:7725) {
  code: 'MISSING_MESSAGE',
  originalMessage: 'Footer.rightsReserved (en)'
}
Error: MISSING_MESSAGE: ProductsForAnimals (en)
    at <unknown> (.next/server/chunks/ssr/_03d8e486._.js:1:328)
    at <unknown> (.next/server/chunks/ssr/_03d8e486._.js:1:360)
    at <unknown> (.next/server/chunks/ssr/_03d8e486._.js:1:465)
    at <unknown> (.next/server/chunks/ssr/[root-of-the-server]__35851e98._.js:1:441)
    at async i (.next/server/chunks/ssr/[root-of-the-server]__0f98ee46._.js:1:1415) {
  code: 'MISSING_MESSAGE',
  originalMessage: 'ProductsForAnimals (en)'
}
Error: MISSING_MESSAGE: ProductsForAnimals (en)
    at <unknown> (.next/server/chunks/ssr/_03d8e486._.js:1:328)
    at <unknown> (.next/server/chunks/ssr/_03d8e486._.js:1:360)
    at <unknown> (.next/server/chunks/ssr/_03d8e486._.js:1:465)
    at <unknown> (.next/server/chunks/ssr/[root-of-the-server]__35851e98._.js:1:441)
    at async i (.next/server/chunks/ssr/[root-of-the-server]__0f98ee46._.js:1:1415) {
  code: 'MISSING_MESSAGE',
  originalMessage: 'ProductsForAnimals (en)'
}
Error: MISSING_MESSAGE: Footer.address (en)
    at j (.next/server/chunks/ssr/_f9f6f050._.js:3:6971) {
  code: 'MISSING_MESSAGE',
  originalMessage: 'Footer.address (en)'
}
Error: MISSING_MESSAGE: Footer.rightsReserved (en)
    at j (.next/server/chunks/ssr/_f9f6f050._.js:3:7725) {
  code: 'MISSING_MESSAGE',
  originalMessage: 'Footer.rightsReserved (en)'
}
Error: MISSING_MESSAGE: ProductsForAnimals (en)
    at <unknown> (.next/server/chunks/ssr/_03d8e486._.js:1:328)
    at <unknown> (.next/server/chunks/ssr/_03d8e486._.js:1:360)
    at <unknown> (.next/server/chunks/ssr/_03d8e486._.js:1:465)
    at <unknown> (.next/server/chunks/ssr/[root-of-the-server]__35851e98._.js:1:441)
    at async i (.next/server/chunks/ssr/[root-of-the-server]__206d399d._.js:1:1415) {
  code: 'MISSING_MESSAGE',
  originalMessage: 'ProductsForAnimals (en)'
}
Error: MISSING_MESSAGE: ProductsForAnimals (en)
    at <unknown> (.next/server/chunks/ssr/_03d8e486._.js:1:328)
    at <unknown> (.next/server/chunks/ssr/_03d8e486._.js:1:360)
    at <unknown> (.next/server/chunks/ssr/_03d8e486._.js:1:465)
    at <unknown> (.next/server/chunks/ssr/[root-of-the-server]__35851e98._.js:1:441)
    at async i (.next/server/chunks/ssr/[root-of-the-server]__206d399d._.js:1:1415) {
  code: 'MISSING_MESSAGE',
  originalMessage: 'ProductsForAnimals (en)'
}
Error: MISSING_MESSAGE: Footer.address (en)
    at j (.next/server/chunks/ssr/_f9f6f050._.js:3:6971) {
  code: 'MISSING_MESSAGE',
  originalMessage: 'Footer.address (en)'
}
Error: MISSING_MESSAGE: Footer.rightsReserved (en)
    at j (.next/server/chunks/ssr/_f9f6f050._.js:3:7725) {
  code: 'MISSING_MESSAGE',
  originalMessage: 'Footer.rightsReserved (en)'
}
Error: MISSING_MESSAGE: MixingTable (en)
    at <unknown> (.next/server/chunks/ssr/_03d8e486._.js:1:328)
    at <unknown> (.next/server/chunks/ssr/_03d8e486._.js:1:360)
    at <unknown> (.next/server/chunks/ssr/_03d8e486._.js:1:465)
    at <unknown> (.next/server/chunks/ssr/[root-of-the-server]__35851e98._.js:1:441)
    at async Module.g (.next/server/chunks/ssr/[root-of-the-server]__7a0b30df._.js:1:2608) {
  code: 'MISSING_MESSAGE',
  originalMessage: 'MixingTable (en)'
}
Error: MISSING_MESSAGE: MixingTable (en)
    at <unknown> (.next/server/chunks/ssr/_03d8e486._.js:1:328)
    at <unknown> (.next/server/chunks/ssr/_03d8e486._.js:1:360)
    at <unknown> (.next/server/chunks/ssr/_03d8e486._.js:1:465)
    at <unknown> (.next/server/chunks/ssr/[root-of-the-server]__35851e98._.js:1:441)
    at async Module.g (.next/server/chunks/ssr/[root-of-the-server]__7a0b30df._.js:1:2608) {
  code: 'MISSING_MESSAGE',
  originalMessage: 'MixingTable (en)'
}
Error: MISSING_MESSAGE: MixingTable (en)
    at <unknown> (.next/server/chunks/ssr/_03d8e486._.js:1:328)
    at <unknown> (.next/server/chunks/ssr/_03d8e486._.js:1:360)
    at <unknown> (.next/server/chunks/ssr/_03d8e486._.js:1:465)
    at <unknown> (.next/server/chunks/ssr/[root-of-the-server]__35851e98._.js:1:441)
    at async h (.next/server/chunks/ssr/[root-of-the-server]__7a0b30df._.js:1:2789) {
  code: 'MISSING_MESSAGE',
  originalMessage: 'MixingTable (en)'
}
Error: MISSING_MESSAGE: MixingTable (en)
    at <unknown> (.next/server/chunks/ssr/_03d8e486._.js:1:328)
    at <unknown> (.next/server/chunks/ssr/_03d8e486._.js:1:360)
    at <unknown> (.next/server/chunks/ssr/_03d8e486._.js:1:465)
    at <unknown> (.next/server/chunks/ssr/[root-of-the-server]__35851e98._.js:1:441)
    at async h (.next/server/chunks/ssr/[root-of-the-server]__7a0b30df._.js:1:2789) {
  code: 'MISSING_MESSAGE',
  originalMessage: 'MixingTable (en)'
}
Error: MISSING_MESSAGE: MixingTable (en)
    at <unknown> (.next/server/chunks/ssr/_03d8e486._.js:1:328)
    at <unknown> (.next/server/chunks/ssr/_03d8e486._.js:1:360)
    at <unknown> (.next/server/chunks/ssr/_03d8e486._.js:1:465)
    at <unknown> (.next/server/chunks/ssr/[root-of-the-server]__35851e98._.js:1:441)
    at async h (.next/server/chunks/ssr/[root-of-the-server]__7a0b30df._.js:1:2789) {
  code: 'MISSING_MESSAGE',
  originalMessage: 'MixingTable (en)'
}
Error: MISSING_MESSAGE: MixingTable (en)
    at <unknown> (.next/server/chunks/ssr/_03d8e486._.js:1:328)
    at <unknown> (.next/server/chunks/ssr/_03d8e486._.js:1:360)
    at <unknown> (.next/server/chunks/ssr/_03d8e486._.js:1:465)
    at <unknown> (.next/server/chunks/ssr/[root-of-the-server]__35851e98._.js:1:441)
    at async h (.next/server/chunks/ssr/[root-of-the-server]__7a0b30df._.js:1:2789) {
  code: 'MISSING_MESSAGE',
  originalMessage: 'MixingTable (en)'
}
Error: MISSING_MESSAGE: MixingTable (en)
    at <unknown> (.next/server/chunks/ssr/_03d8e486._.js:1:328)
    at <unknown> (.next/server/chunks/ssr/_03d8e486._.js:1:360)
    at <unknown> (.next/server/chunks/ssr/_03d8e486._.js:1:465)
    at <unknown> (.next/server/chunks/ssr/[root-of-the-server]__35851e98._.js:1:441)
    at async h (.next/server/chunks/ssr/[root-of-the-server]__7a0b30df._.js:1:2789) {
  code: 'MISSING_MESSAGE',
  originalMessage: 'MixingTable (en)'
}
Error: MISSING_MESSAGE: MixingTable (en)
    at <unknown> (.next/server/chunks/ssr/_03d8e486._.js:1:328)
    at <unknown> (.next/server/chunks/ssr/_03d8e486._.js:1:360)
    at <unknown> (.next/server/chunks/ssr/_03d8e486._.js:1:465)
    at <unknown> (.next/server/chunks/ssr/[root-of-the-server]__35851e98._.js:1:441)
    at async h (.next/server/chunks/ssr/[root-of-the-server]__7a0b30df._.js:1:2789) {
  code: 'MISSING_MESSAGE',
  originalMessage: 'MixingTable (en)'
}
Error: MISSING_MESSAGE: Footer.address (en)
    at j (.next/server/chunks/ssr/_f9f6f050._.js:3:6971) {
  code: 'MISSING_MESSAGE',
  originalMessage: 'Footer.address (en)'
}
Error: MISSING_MESSAGE: Footer.rightsReserved (en)
    at j (.next/server/chunks/ssr/_f9f6f050._.js:3:7725) {
  code: 'MISSING_MESSAGE',
  originalMessage: 'Footer.rightsReserved (en)'
}
Error: MISSING_MESSAGE: HomeNew.innovationTitle (en)
    at h (.next/server/chunks/ssr/_941f9a50._.js:1:4659) {
  code: 'MISSING_MESSAGE',
  originalMessage: 'HomeNew.innovationTitle (en)'
}
Error: MISSING_MESSAGE: HomeNew.innovationDesc (en)
    at h (.next/server/chunks/ssr/_941f9a50._.js:1:4780) {
  code: 'MISSING_MESSAGE',
  originalMessage: 'HomeNew.innovationDesc (en)'
}
Error: MISSING_MESSAGE: HomeNew.qualityTitle (en)
    at h (.next/server/chunks/ssr/_941f9a50._.js:1:5471) {
  code: 'MISSING_MESSAGE',
  originalMessage: 'HomeNew.qualityTitle (en)'
}
Error: MISSING_MESSAGE: HomeNew.qualityDesc (en)
    at h (.next/server/chunks/ssr/_941f9a50._.js:1:5589) {
  code: 'MISSING_MESSAGE',
  originalMessage: 'HomeNew.qualityDesc (en)'
}
Error: MISSING_MESSAGE: HomeNew.globalTitle (en)
    at h (.next/server/chunks/ssr/_941f9a50._.js:1:6274) {
  code: 'MISSING_MESSAGE',
  originalMessage: 'HomeNew.globalTitle (en)'
}
Error: MISSING_MESSAGE: HomeNew.globalDesc (en)
    at h (.next/server/chunks/ssr/_941f9a50._.js:1:6391) {
  code: 'MISSING_MESSAGE',
  originalMessage: 'HomeNew.globalDesc (en)'
}
Error: MISSING_MESSAGE: HomeNew.ourMission (en)
    at l (.next/server/chunks/ssr/_941f9a50._.js:1:17562) {
  code: 'MISSING_MESSAGE',
  originalMessage: 'HomeNew.ourMission (en)'
}
Error: MISSING_MESSAGE: HomeNew.missionDesc (en)
    at l (.next/server/chunks/ssr/_941f9a50._.js:1:17710) {
  code: 'MISSING_MESSAGE',
  originalMessage: 'HomeNew.missionDesc (en)'
}
Error: MISSING_MESSAGE: HomeNew.articlesSubtitle (en)
    at i (.next/server/chunks/ssr/_941f9a50._.js:1:25434) {
  code: 'MISSING_MESSAGE',
  originalMessage: 'HomeNew.articlesSubtitle (en)'
}
Error: MISSING_MESSAGE: HomeNew.ourArticles (en)
    at i (.next/server/chunks/ssr/_941f9a50._.js:1:25559) {
  code: 'MISSING_MESSAGE',
  originalMessage: 'HomeNew.ourArticles (en)'
}
Error: MISSING_MESSAGE: HomeNew.noNews (en)
    at i (.next/server/chunks/ssr/_941f9a50._.js:1:27395) {
  code: 'MISSING_MESSAGE',
  originalMessage: 'HomeNew.noNews (en)'
}
Error: MISSING_MESSAGE: HomeNew.agriEng (en)
    at f (.next/server/chunks/ssr/_941f9a50._.js:1:29585) {
  code: 'MISSING_MESSAGE',
  originalMessage: 'HomeNew.agriEng (en)'
}
Error: MISSING_MESSAGE: HomeNew.agriEng (en)
    at f (.next/server/chunks/ssr/_941f9a50._.js:1:29651) {
  code: 'MISSING_MESSAGE',
  originalMessage: 'HomeNew.agriEng (en)'
}
Error: MISSING_MESSAGE: HomeNew.agriEng (en)
    at f (.next/server/chunks/ssr/_941f9a50._.js:1:29714) {
  code: 'MISSING_MESSAGE',
  originalMessage: 'HomeNew.agriEng (en)'
}
Error: MISSING_MESSAGE: HomeNew.ourTeam (en)
    at f (.next/server/chunks/ssr/_941f9a50._.js:1:30086) {
  code: 'MISSING_MESSAGE',
  originalMessage: 'HomeNew.ourTeam (en)'
}
Error: MISSING_MESSAGE: HomeNew.teamSubtitle (en)
    at f (.next/server/chunks/ssr/_941f9a50._.js:1:30183) {
  code: 'MISSING_MESSAGE',
  originalMessage: 'HomeNew.teamSubtitle (en)'
}
Error: MISSING_MESSAGE: HomeNew.ourAgents (en)
    at h (.next/server/chunks/ssr/_941f9a50._.js:1:23093) {
  code: 'MISSING_MESSAGE',
  originalMessage: 'HomeNew.ourAgents (en)'
}
Error: MISSING_MESSAGE: HomeNew.agentsSubtitle (en)
    at h (.next/server/chunks/ssr/_941f9a50._.js:1:23212) {
  code: 'MISSING_MESSAGE',
  originalMessage: 'HomeNew.agentsSubtitle (en)'
}
Error: MISSING_MESSAGE: Footer.address (en)
    at j (.next/server/chunks/ssr/_f9f6f050._.js:3:6971) {
  code: 'MISSING_MESSAGE',
  originalMessage: 'Footer.address (en)'
}
Error: MISSING_MESSAGE: Footer.rightsReserved (en)
    at j (.next/server/chunks/ssr/_f9f6f050._.js:3:7725) {
  code: 'MISSING_MESSAGE',
  originalMessage: 'Footer.rightsReserved (en)'
}
⨯ Error [PrismaClientInitializationError]: 
Invalid `prisma.catalog.findMany()` invocation:


error: Environment variable not found: DATABASE_URL.
  -->  schema.prisma:11
   | 
10 |   provider = "mysql"
11 |   url      = env("DATABASE_URL")
   | 

Validation Error Count: 1
    at <unknown> (-->  schema.prisma:11)
    at async j (.next/server/chunks/ssr/[root-of-the-server]__63736f44._.js:1:3080) {
  clientVersion: '5.16.0',
  errorCode: undefined,
  digest: '2514970526'
}
Error [PrismaClientInitializationError]: 
Invalid `prisma.catalog.findMany()` invocation:


error: Environment variable not found: DATABASE_URL.
  -->  schema.prisma:11
   | 
10 |   provider = "mysql"
11 |   url      = env("DATABASE_URL")
   | 

Validation Error Count: 1
    at <unknown> (-->  schema.prisma:11)
    at async j (.next/server/chunks/ssr/[root-of-the-server]__63736f44._.js:1:3080) {
  clientVersion: '5.16.0',
  errorCode: undefined,
  digest: '2514970526'
}
⨯ Error [PrismaClientInitializationError]: 
Invalid `prisma.catalog.findMany()` invocation:


error: Environment variable not found: DATABASE_URL.
  -->  schema.prisma:11
   | 
10 |   provider = "mysql"
11 |   url      = env("DATABASE_URL")
   | 

Validation Error Count: 1
    at <unknown> (-->  schema.prisma:11)
    at async j (.next/server/chunks/ssr/[root-of-the-server]__63736f44._.js:1:3080) {
  clientVersion: '5.16.0',
  errorCode: undefined,
  digest: '2514970526'
}
⨯ Error [PrismaClientInitializationError]: 
Invalid `prisma.catalog.findMany()` invocation:


error: Environment variable not found: DATABASE_URL.
  -->  schema.prisma:11
   | 
10 |   provider = "mysql"
11 |   url      = env("DATABASE_URL")
   | 

Validation Error Count: 1
    at <unknown> (-->  schema.prisma:11)
    at async j (.next/server/chunks/ssr/[root-of-the-server]__63736f44._.js:1:3080) {
  clientVersion: '5.16.0',
  errorCode: undefined,
  digest: '2514970526'
}
Error: MISSING_MESSAGE: Blog (en)
    at <unknown> (.next/server/chunks/ssr/_03d8e486._.js:1:328)
    at <unknown> (.next/server/chunks/ssr/_03d8e486._.js:1:360)
    at <unknown> (.next/server/chunks/ssr/_03d8e486._.js:1:465)
    at <unknown> (.next/server/chunks/ssr/[root-of-the-server]__35851e98._.js:1:441)
    at async g (.next/server/chunks/ssr/[root-of-the-server]__6e02be8c._.js:1:995) {
  code: 'MISSING_MESSAGE',
  originalMessage: 'Blog (en)'
}
Error: MISSING_MESSAGE: Footer.address (en)
    at j (.next/server/chunks/ssr/_f9f6f050._.js:3:6971) {
  code: 'MISSING_MESSAGE',
  originalMessage: 'Footer.address (en)'
}
Error: MISSING_MESSAGE: Footer.rightsReserved (en)
    at j (.next/server/chunks/ssr/_f9f6f050._.js:3:7725) {
  code: 'MISSING_MESSAGE',
  originalMessage: 'Footer.rightsReserved (en)'
}
Error: MISSING_MESSAGE: Blog (en)
    at <unknown> (.next/server/chunks/ssr/_03d8e486._.js:1:328)
    at <unknown> (.next/server/chunks/ssr/_03d8e486._.js:1:360)
    at <unknown> (.next/server/chunks/ssr/_03d8e486._.js:1:465)
    at <unknown> (.next/server/chunks/ssr/[root-of-the-server]__35851e98._.js:1:441)
    at async g (.next/server/chunks/ssr/[root-of-the-server]__6e02be8c._.js:1:995) {
  code: 'MISSING_MESSAGE',
  originalMessage: 'Blog (en)'
}
Error: MISSING_MESSAGE: Blog (en)
    at <unknown> (.next/server/chunks/ssr/_03d8e486._.js:1:328)
    at <unknown> (.next/server/chunks/ssr/_03d8e486._.js:1:360)
    at <unknown> (.next/server/chunks/ssr/_03d8e486._.js:1:465)
    at <unknown> (.next/server/chunks/ssr/[root-of-the-server]__35851e98._.js:1:441)
    at async g (.next/server/chunks/ssr/[root-of-the-server]__6e02be8c._.js:1:995) {
  code: 'MISSING_MESSAGE',
  originalMessage: 'Blog (en)'
}
⨯ TypeError: i.map is not a function
    at g (.next/server/chunks/ssr/[root-of-the-server]__6e02be8c._.js:1:3026) {
  digest: '2013957888'
}
TypeError: i.map is not a function
    at g (.next/server/chunks/ssr/[root-of-the-server]__6e02be8c._.js:1:3026) {
  digest: '2013957888'
}
⨯ TypeError: i.map is not a function
    at g (.next/server/chunks/ssr/[root-of-the-server]__6e02be8c._.js:1:3026) {
  digest: '2013957888'
}
⨯ TypeError: i.map is not a function
    at g (.next/server/chunks/ssr/[root-of-the-server]__6e02be8c._.js:1:3026) {
  digest: '2013957888'
}
Error: MISSING_MESSAGE: Footer.address (en)
    at j (.next/server/chunks/ssr/_f9f6f050._.js:3:6971) {
  code: 'MISSING_MESSAGE',
  originalMessage: 'Footer.address (en)'
}
Error: MISSING_MESSAGE: Footer.rightsReserved (en)
    at j (.next/server/chunks/ssr/_f9f6f050._.js:3:7725) {
  code: 'MISSING_MESSAGE',
  originalMessage: 'Footer.rightsReserved (en)'
}
⨯ Error [PrismaClientInitializationError]: 
Invalid `prisma.category.findUnique()` invocation:


error: Environment variable not found: DATABASE_URL.
  -->  schema.prisma:11
   | 
10 |   provider = "mysql"
11 |   url      = env("DATABASE_URL")
   | 

Validation Error Count: 1
    at <unknown> (-->  schema.prisma:11)
    at async h (.next/server/chunks/ssr/[root-of-the-server]__ec9df5af._.js:1:2698) {
  clientVersion: '5.16.0',
  errorCode: undefined,
  digest: '905238828'
}
Error [PrismaClientInitializationError]: 
Invalid `prisma.category.findUnique()` invocation:


error: Environment variable not found: DATABASE_URL.
  -->  schema.prisma:11
   | 
10 |   provider = "mysql"
11 |   url      = env("DATABASE_URL")
   | 

Validation Error Count: 1
    at <unknown> (-->  schema.prisma:11)
    at async h (.next/server/chunks/ssr/[root-of-the-server]__ec9df5af._.js:1:2698) {
  clientVersion: '5.16.0',
  errorCode: undefined,
  digest: '905238828'
}
⨯ Error [PrismaClientInitializationError]: 
Invalid `prisma.category.findUnique()` invocation:


error: Environment variable not found: DATABASE_URL.
  -->  schema.prisma:11
   | 
10 |   provider = "mysql"
11 |   url      = env("DATABASE_URL")
   | 

Validation Error Count: 1
    at <unknown> (-->  schema.prisma:11)
    at async h (.next/server/chunks/ssr/[root-of-the-server]__ec9df5af._.js:1:2698) {
  clientVersion: '5.16.0',
  errorCode: undefined,
  digest: '905238828'
}
⨯ Error [PrismaClientInitializationError]: 
Invalid `prisma.category.findUnique()` invocation:


error: Environment variable not found: DATABASE_URL.
  -->  schema.prisma:11
   | 
10 |   provider = "mysql"
11 |   url      = env("DATABASE_URL")
   | 

Validation Error Count: 1
    at <unknown> (-->  schema.prisma:11)
    at async h (.next/server/chunks/ssr/[root-of-the-server]__ec9df5af._.js:1:2698) {
  clientVersion: '5.16.0',
  errorCode: undefined,
  digest: '905238828'
}
Error: MISSING_MESSAGE: Footer.address (en)
    at j (.next/server/chunks/ssr/_f9f6f050._.js:3:6971) {
  code: 'MISSING_MESSAGE',
  originalMessage: 'Footer.address (en)'
}
Error: MISSING_MESSAGE: Footer.rightsReserved (en)
    at j (.next/server/chunks/ssr/_f9f6f050._.js:3:7725) {
  code: 'MISSING_MESSAGE',
  originalMessage: 'Footer.rightsReserved (en)'
}
⨯ Error [PrismaClientInitializationError]: 
Invalid `prisma.category.findUnique()` invocation:


error: Environment variable not found: DATABASE_URL.
  -->  schema.prisma:11
   | 
10 |   provider = "mysql"
11 |   url      = env("DATABASE_URL")
   | 

Validation Error Count: 1
    at <unknown> (-->  schema.prisma:11)
    at async h (.next/server/chunks/ssr/[root-of-the-server]__ec9df5af._.js:1:2698) {
  clientVersion: '5.16.0',
  errorCode: undefined,
  digest: '905238828'
}
Error [PrismaClientInitializationError]: 
Invalid `prisma.category.findUnique()` invocation:


error: Environment variable not found: DATABASE_URL.
  -->  schema.prisma:11
   | 
10 |   provider = "mysql"
11 |   url      = env("DATABASE_URL")
   | 

Validation Error Count: 1
    at <unknown> (-->  schema.prisma:11)
    at async h (.next/server/chunks/ssr/[root-of-the-server]__ec9df5af._.js:1:2698) {
  clientVersion: '5.16.0',
  errorCode: undefined,
  digest: '905238828'
}
⨯ Error [PrismaClientInitializationError]: 
Invalid `prisma.category.findUnique()` invocation:


error: Environment variable not found: DATABASE_URL.
  -->  schema.prisma:11
   | 
10 |   provider = "mysql"
11 |   url      = env("DATABASE_URL")
   | 

Validation Error Count: 1
    at <unknown> (-->  schema.prisma:11)
    at async h (.next/server/chunks/ssr/[root-of-the-server]__ec9df5af._.js:1:2698) {
  clientVersion: '5.16.0',
  errorCode: undefined,
  digest: '905238828'
}
⨯ Error [PrismaClientInitializationError]: 
Invalid `prisma.category.findUnique()` invocation:


error: Environment variable not found: DATABASE_URL.
  -->  schema.prisma:11
   | 
10 |   provider = "mysql"
11 |   url      = env("DATABASE_URL")
   | 

Validation Error Count: 1
    at <unknown> (-->  schema.prisma:11)
    at async h (.next/server/chunks/ssr/[root-of-the-server]__ec9df5af._.js:1:2698) {
  clientVersion: '5.16.0',
  errorCode: undefined,
  digest: '905238828'
}
Error: MISSING_MESSAGE: Footer.address (en)
    at j (.next/server/chunks/ssr/_f9f6f050._.js:3:6971) {
  code: 'MISSING_MESSAGE',
  originalMessage: 'Footer.address (en)'
}
Error: MISSING_MESSAGE: Footer.rightsReserved (en)
    at j (.next/server/chunks/ssr/_f9f6f050._.js:3:7725) {
  code: 'MISSING_MESSAGE',
  originalMessage: 'Footer.rightsReserved (en)'
}
⨯ Error [PrismaClientInitializationError]: 
Invalid `prisma.category.findUnique()` invocation:


error: Environment variable not found: DATABASE_URL.
  -->  schema.prisma:11
   | 
10 |   provider = "mysql"
11 |   url      = env("DATABASE_URL")
   | 

Validation Error Count: 1
    at <unknown> (-->  schema.prisma:11)
    at async h (.next/server/chunks/ssr/[root-of-the-server]__ec9df5af._.js:1:2698) {
  clientVersion: '5.16.0',
  errorCode: undefined,
  digest: '905238828'
}
Error [PrismaClientInitializationError]: 
Invalid `prisma.category.findUnique()` invocation:


error: Environment variable not found: DATABASE_URL.
  -->  schema.prisma:11
   | 
10 |   provider = "mysql"
11 |   url      = env("DATABASE_URL")
   | 

Validation Error Count: 1
    at <unknown> (-->  schema.prisma:11)
    at async h (.next/server/chunks/ssr/[root-of-the-server]__ec9df5af._.js:1:2698) {
  clientVersion: '5.16.0',
  errorCode: undefined,
  digest: '905238828'
}
⨯ Error [PrismaClientInitializationError]: 
Invalid `prisma.category.findUnique()` invocation:


error: Environment variable not found: DATABASE_URL.
  -->  schema.prisma:11
   | 
10 |   provider = "mysql"
11 |   url      = env("DATABASE_URL")
   | 

Validation Error Count: 1
    at <unknown> (-->  schema.prisma:11)
    at async h (.next/server/chunks/ssr/[root-of-the-server]__ec9df5af._.js:1:2698) {
  clientVersion: '5.16.0',
  errorCode: undefined,
  digest: '905238828'
}
⨯ Error [PrismaClientInitializationError]: 
Invalid `prisma.category.findUnique()` invocation:


error: Environment variable not found: DATABASE_URL.
  -->  schema.prisma:11
   | 
10 |   provider = "mysql"
11 |   url      = env("DATABASE_URL")
   | 

Validation Error Count: 1
    at <unknown> (-->  schema.prisma:11)
    at async h (.next/server/chunks/ssr/[root-of-the-server]__ec9df5af._.js:1:2698) {
  clientVersion: '5.16.0',
  errorCode: undefined,
  digest: '905238828'
}
Error: MISSING_MESSAGE: Footer.address (en)
    at j (.next/server/chunks/ssr/_f9f6f050._.js:3:6971) {
  code: 'MISSING_MESSAGE',
  originalMessage: 'Footer.address (en)'
}
Error: MISSING_MESSAGE: Footer.rightsReserved (en)
    at j (.next/server/chunks/ssr/_f9f6f050._.js:3:7725) {
  code: 'MISSING_MESSAGE',
  originalMessage: 'Footer.rightsReserved (en)'
}
Error: MISSING_MESSAGE: Footer.address (en)
    at j (.next/server/chunks/ssr/_f9f6f050._.js:3:6971) {
  code: 'MISSING_MESSAGE',
  originalMessage: 'Footer.address (en)'
}
Error: MISSING_MESSAGE: Footer.rightsReserved (en)
    at j (.next/server/chunks/ssr/_f9f6f050._.js:3:7725) {
  code: 'MISSING_MESSAGE',
  originalMessage: 'Footer.rightsReserved (en)'
}
⨯ Error [PrismaClientInitializationError]: 
Invalid `prisma.category.findUnique()` invocation:


error: Environment variable not found: DATABASE_URL.
  -->  schema.prisma:11
   | 
10 |   provider = "mysql"
11 |   url      = env("DATABASE_URL")
   | 

Validation Error Count: 1
    at <unknown> (-->  schema.prisma:11)
    at async h (.next/server/chunks/ssr/[root-of-the-server]__ec9df5af._.js:1:2698) {
  clientVersion: '5.16.0',
  errorCode: undefined,
  digest: '905238828'
}
⨯ Error: Failed to fetch company data
    at g (.next/server/chunks/ssr/[root-of-the-server]__a4c5db24._.js:13:792)
    at async g (.next/server/chunks/ssr/[root-of-the-server]__3af471d7._.js:1:1911) {
  digest: '2697648912'
}
Error: MISSING_MESSAGE: Footer.address (en)
    at j (.next/server/chunks/ssr/_f9f6f050._.js:3:6971) {
  code: 'MISSING_MESSAGE',
  originalMessage: 'Footer.address (en)'
}
Error: MISSING_MESSAGE: Footer.rightsReserved (en)
    at j (.next/server/chunks/ssr/_f9f6f050._.js:3:7725) {
  code: 'MISSING_MESSAGE',
  originalMessage: 'Footer.rightsReserved (en)'
}
Error: MISSING_MESSAGE: About (en)
    at <unknown> (.next/server/chunks/ssr/_03d8e486._.js:1:328)
    at <unknown> (.next/server/chunks/ssr/_03d8e486._.js:1:360)
    at <unknown> (.next/server/chunks/ssr/_03d8e486._.js:1:465)
    at <unknown> (.next/server/chunks/ssr/[root-of-the-server]__35851e98._.js:1:441)
    at async g (.next/server/chunks/ssr/[root-of-the-server]__35851e98._.js:1:1168) {
  code: 'MISSING_MESSAGE',
  originalMessage: 'About (en)'
}
Error: MISSING_MESSAGE: About (en)
    at <unknown> (.next/server/chunks/ssr/_03d8e486._.js:1:328)
    at <unknown> (.next/server/chunks/ssr/_03d8e486._.js:1:360)
    at <unknown> (.next/server/chunks/ssr/_03d8e486._.js:1:465)
    at <unknown> (.next/server/chunks/ssr/[root-of-the-server]__35851e98._.js:1:441)
    at async g (.next/server/chunks/ssr/[root-of-the-server]__35851e98._.js:1:1168) {
  code: 'MISSING_MESSAGE',
  originalMessage: 'About (en)'
}
Error: MISSING_MESSAGE: Footer.address (en)
    at j (.next/server/chunks/ssr/_f9f6f050._.js:3:6971) {
  code: 'MISSING_MESSAGE',
  originalMessage: 'Footer.address (en)'
}
Error: MISSING_MESSAGE: Footer.rightsReserved (en)
    at j (.next/server/chunks/ssr/_f9f6f050._.js:3:7725) {
  code: 'MISSING_MESSAGE',
  originalMessage: 'Footer.rightsReserved (en)'
}
Error: MISSING_MESSAGE: ProductionPlants (en)
    at <unknown> (.next/server/chunks/ssr/_03d8e486._.js:1:328)
    at <unknown> (.next/server/chunks/ssr/_03d8e486._.js:1:360)
    at <unknown> (.next/server/chunks/ssr/_03d8e486._.js:1:465)
    at <unknown> (.next/server/chunks/ssr/[root-of-the-server]__35851e98._.js:1:441)
    at async Module.c (.next/server/chunks/ssr/_8a88276c._.js:1:361) {
  code: 'MISSING_MESSAGE',
  originalMessage: 'ProductionPlants (en)'
}
Error: MISSING_MESSAGE: ProductionPlants (en)
    at <unknown> (.next/server/chunks/ssr/_03d8e486._.js:1:328)
    at <unknown> (.next/server/chunks/ssr/_03d8e486._.js:1:360)
    at <unknown> (.next/server/chunks/ssr/_03d8e486._.js:1:465)
    at <unknown> (.next/server/chunks/ssr/[root-of-the-server]__35851e98._.js:1:441)
    at async Module.c (.next/server/chunks/ssr/_8a88276c._.js:1:361) {
  code: 'MISSING_MESSAGE',
  originalMessage: 'ProductionPlants (en)'
}
Error: MISSING_MESSAGE: ProductionPlants (en)
    at <unknown> (.next/server/chunks/ssr/[root-of-the-server]__d9de7955._.js:1:10706)
    at g (.next/server/chunks/ssr/src_app_[locale]_(public)_about_production-plants_page_tsx_02953357._.js:1:149) {
  code: 'MISSING_MESSAGE',
  originalMessage: 'ProductionPlants (en)'
}
Error: MISSING_MESSAGE: ProductionPlants (en)
    at <unknown> (.next/server/chunks/ssr/[root-of-the-server]__d9de7955._.js:1:10706)
    at g (.next/server/chunks/ssr/src_app_[locale]_(public)_about_production-plants_page_tsx_02953357._.js:1:149) {
  code: 'MISSING_MESSAGE',
  originalMessage: 'ProductionPlants (en)'
}
Error: MISSING_MESSAGE: ProductionPlants (en)
    at <unknown> (.next/server/chunks/ssr/[root-of-the-server]__d9de7955._.js:1:10706)
    at g (.next/server/chunks/ssr/src_app_[locale]_(public)_about_production-plants_page_tsx_02953357._.js:1:149) {
  code: 'MISSING_MESSAGE',
  originalMessage: 'ProductionPlants (en)'
}
Error: MISSING_MESSAGE: ProductionPlants (en)
    at <unknown> (.next/server/chunks/ssr/[root-of-the-server]__d9de7955._.js:1:10706)
    at g (.next/server/chunks/ssr/src_app_[locale]_(public)_about_production-plants_page_tsx_02953357._.js:1:149) {
  code: 'MISSING_MESSAGE',
  originalMessage: 'ProductionPlants (en)'
}
Error: MISSING_MESSAGE: ProductionPlants (en)
    at <unknown> (.next/server/chunks/ssr/[root-of-the-server]__d9de7955._.js:1:10706)
    at g (.next/server/chunks/ssr/src_app_[locale]_(public)_about_production-plants_page_tsx_02953357._.js:1:149) {
  code: 'MISSING_MESSAGE',
  originalMessage: 'ProductionPlants (en)'
}
Error: MISSING_MESSAGE: ProductionPlants (en)
    at <unknown> (.next/server/chunks/ssr/[root-of-the-server]__d9de7955._.js:1:10706)
    at g (.next/server/chunks/ssr/src_app_[locale]_(public)_about_production-plants_page_tsx_02953357._.js:1:149) {
  code: 'MISSING_MESSAGE',
  originalMessage: 'ProductionPlants (en)'
}
Error: MISSING_MESSAGE: ProductionPlants (en)
    at <unknown> (.next/server/chunks/ssr/[root-of-the-server]__d9de7955._.js:1:10706)
    at g (.next/server/chunks/ssr/src_app_[locale]_(public)_about_production-plants_page_tsx_02953357._.js:1:149) {
  code: 'MISSING_MESSAGE',
  originalMessage: 'ProductionPlants (en)'
}
Error: MISSING_MESSAGE: ProductionPlants (en)
    at <unknown> (.next/server/chunks/ssr/[root-of-the-server]__d9de7955._.js:1:10706)
    at g (.next/server/chunks/ssr/src_app_[locale]_(public)_about_production-plants_page_tsx_02953357._.js:1:149) {
  code: 'MISSING_MESSAGE',
  originalMessage: 'ProductionPlants (en)'
}
Error: MISSING_MESSAGE: ProductionPlants (en)
    at <unknown> (.next/server/chunks/ssr/[root-of-the-server]__d9de7955._.js:1:10706)
    at g (.next/server/chunks/ssr/src_app_[locale]_(public)_about_production-plants_page_tsx_02953357._.js:1:149) {
  code: 'MISSING_MESSAGE',
  originalMessage: 'ProductionPlants (en)'
}
⨯ TypeError: h.map is not a function
    at g (.next/server/chunks/ssr/src_app_[locale]_(public)_about_production-plants_page_tsx_02953357._.js:1:1836) {
  digest: '59952949'
}
Error: MISSING_MESSAGE: ProductionPlants (en)
    at <unknown> (.next/server/chunks/ssr/_03d8e486._.js:1:328)
    at <unknown> (.next/server/chunks/ssr/_03d8e486._.js:1:360)
    at <unknown> (.next/server/chunks/ssr/_03d8e486._.js:1:465)
    at <unknown> (.next/server/chunks/ssr/[root-of-the-server]__35851e98._.js:1:441)
    at async Module.c (.next/server/chunks/ssr/_8a88276c._.js:1:361) {
  code: 'MISSING_MESSAGE',
  originalMessage: 'ProductionPlants (en)'
}
Error: MISSING_MESSAGE: ProductionPlants (en)
    at <unknown> (.next/server/chunks/ssr/_03d8e486._.js:1:328)
    at <unknown> (.next/server/chunks/ssr/_03d8e486._.js:1:360)
    at <unknown> (.next/server/chunks/ssr/_03d8e486._.js:1:465)
    at <unknown> (.next/server/chunks/ssr/[root-of-the-server]__35851e98._.js:1:441)
    at async Module.c (.next/server/chunks/ssr/_8a88276c._.js:1:361) {
  code: 'MISSING_MESSAGE',
  originalMessage: 'ProductionPlants (en)'
}
Error [PrismaClientInitializationError]: 
Invalid `prisma.category.findUnique()` invocation:


error: Environment variable not found: DATABASE_URL.
  -->  schema.prisma:11
   | 
10 |   provider = "mysql"
11 |   url      = env("DATABASE_URL")
   | 

Validation Error Count: 1
    at <unknown> (-->  schema.prisma:11)
    at async h (.next/server/chunks/ssr/[root-of-the-server]__ec9df5af._.js:1:2698) {
  clientVersion: '5.16.0',
  errorCode: undefined,
  digest: '905238828'
}
⨯ Error [PrismaClientInitializationError]: 
Invalid `prisma.category.findUnique()` invocation:


error: Environment variable not found: DATABASE_URL.
  -->  schema.prisma:11
   | 
10 |   provider = "mysql"
11 |   url      = env("DATABASE_URL")
   | 

Validation Error Count: 1
    at <unknown> (-->  schema.prisma:11)
    at async h (.next/server/chunks/ssr/[root-of-the-server]__ec9df5af._.js:1:2698) {
  clientVersion: '5.16.0',
  errorCode: undefined,
  digest: '905238828'
}
⨯ Error [PrismaClientInitializationError]: 
Invalid `prisma.category.findUnique()` invocation:


error: Environment variable not found: DATABASE_URL.
  -->  schema.prisma:11
   | 
10 |   provider = "mysql"
11 |   url      = env("DATABASE_URL")
   | 

Validation Error Count: 1
    at <unknown> (-->  schema.prisma:11)
    at async h (.next/server/chunks/ssr/[root-of-the-server]__ec9df5af._.js:1:2698) {
  clientVersion: '5.16.0',
  errorCode: undefined,
  digest: '905238828'
}
Error: Failed to fetch company data
    at g (.next/server/chunks/ssr/[root-of-the-server]__a4c5db24._.js:13:792)
    at async g (.next/server/chunks/ssr/[root-of-the-server]__3af471d7._.js:1:1911) {
  digest: '2697648912'
}
⨯ Error: Failed to fetch company data
    at g (.next/server/chunks/ssr/[root-of-the-server]__a4c5db24._.js:13:792)
    at async g (.next/server/chunks/ssr/[root-of-the-server]__3af471d7._.js:1:1911) {
  digest: '2697648912'
}
⨯ Error: Failed to fetch company data
    at g (.next/server/chunks/ssr/[root-of-the-server]__a4c5db24._.js:13:792)
    at async g (.next/server/chunks/ssr/[root-of-the-server]__3af471d7._.js:1:1911) {
  digest: '2697648912'
}
⨯ Error [PrismaClientInitializationError]: 
Invalid `prisma.award.findMany()` invocation:


error: Environment variable not found: DATABASE_URL.
  -->  schema.prisma:11
   | 
10 |   provider = "mysql"
11 |   url      = env("DATABASE_URL")
   | 

Validation Error Count: 1
    at <unknown> (-->  schema.prisma:11)
    at async g (.next/server/chunks/ssr/[root-of-the-server]__35851e98._.js:1:1239) {
  clientVersion: '5.16.0',
  errorCode: undefined,
  digest: '2574933502'
}
Error: MISSING_MESSAGE: About (en)
    at <unknown> (.next/server/chunks/ssr/_03d8e486._.js:1:328)
    at <unknown> (.next/server/chunks/ssr/_03d8e486._.js:1:360)
    at <unknown> (.next/server/chunks/ssr/_03d8e486._.js:1:465)
    at <unknown> (.next/server/chunks/ssr/[root-of-the-server]__35851e98._.js:1:441)
    at async Module.f (.next/server/chunks/ssr/[root-of-the-server]__35851e98._.js:1:982) {
  code: 'MISSING_MESSAGE',
  originalMessage: 'About (en)'
}
Error: MISSING_MESSAGE: About (en)
    at <unknown> (.next/server/chunks/ssr/_03d8e486._.js:1:328)
    at <unknown> (.next/server/chunks/ssr/_03d8e486._.js:1:360)
    at <unknown> (.next/server/chunks/ssr/_03d8e486._.js:1:465)
    at <unknown> (.next/server/chunks/ssr/[root-of-the-server]__35851e98._.js:1:441)
    at async Module.f (.next/server/chunks/ssr/[root-of-the-server]__35851e98._.js:1:982) {
  code: 'MISSING_MESSAGE',
  originalMessage: 'About (en)'
}
TypeError: h.map is not a function
    at g (.next/server/chunks/ssr/src_app_[locale]_(public)_about_production-plants_page_tsx_02953357._.js:1:1836) {
  digest: '59952949'
}
⨯ TypeError: h.map is not a function
    at g (.next/server/chunks/ssr/src_app_[locale]_(public)_about_production-plants_page_tsx_02953357._.js:1:1836) {
  digest: '59952949'
}
⨯ TypeError: h.map is not a function
    at g (.next/server/chunks/ssr/src_app_[locale]_(public)_about_production-plants_page_tsx_02953357._.js:1:1836) {
  digest: '59952949'
}
Error [PrismaClientInitializationError]: 
Invalid `prisma.award.findMany()` invocation:


error: Environment variable not found: DATABASE_URL.
  -->  schema.prisma:11
   | 
10 |   provider = "mysql"
11 |   url      = env("DATABASE_URL")
   | 

Validation Error Count: 1
    at <unknown> (-->  schema.prisma:11)
    at async g (.next/server/chunks/ssr/[root-of-the-server]__35851e98._.js:1:1239) {
  clientVersion: '5.16.0',
  errorCode: undefined,
  digest: '2574933502'
}
⨯ Error [PrismaClientInitializationError]: 
Invalid `prisma.award.findMany()` invocation:


error: Environment variable not found: DATABASE_URL.
  -->  schema.prisma:11
   | 
10 |   provider = "mysql"
11 |   url      = env("DATABASE_URL")
   | 

Validation Error Count: 1
    at <unknown> (-->  schema.prisma:11)
    at async g (.next/server/chunks/ssr/[root-of-the-server]__35851e98._.js:1:1239) {
  clientVersion: '5.16.0',
  errorCode: undefined,
  digest: '2574933502'
}
⨯ Error [PrismaClientInitializationError]: 
Invalid `prisma.award.findMany()` invocation:


error: Environment variable not found: DATABASE_URL.
  -->  schema.prisma:11
   | 
10 |   provider = "mysql"
11 |   url      = env("DATABASE_URL")
   | 

Validation Error Count: 1
    at <unknown> (-->  schema.prisma:11)
    at async g (.next/server/chunks/ssr/[root-of-the-server]__35851e98._.js:1:1239) {
  clientVersion: '5.16.0',
  errorCode: undefined,
  digest: '2574933502'
}
Error: MISSING_MESSAGE: Footer.address (en)
    at j (.next/server/chunks/ssr/_f9f6f050._.js:3:6971) {
  code: 'MISSING_MESSAGE',
  originalMessage: 'Footer.address (en)'
}
Error: MISSING_MESSAGE: Footer.rightsReserved (en)
    at j (.next/server/chunks/ssr/_f9f6f050._.js:3:7725) {
  code: 'MISSING_MESSAGE',
  originalMessage: 'Footer.rightsReserved (en)'
}
Error: MISSING_MESSAGE: Footer.address (en)
    at j (.next/server/chunks/ssr/_f9f6f050._.js:3:6971) {
  code: 'MISSING_MESSAGE',
  originalMessage: 'Footer.address (en)'
}
Error: MISSING_MESSAGE: Footer.rightsReserved (en)
    at j (.next/server/chunks/ssr/_f9f6f050._.js:3:7725) {
  code: 'MISSING_MESSAGE',
  originalMessage: 'Footer.rightsReserved (en)'
}
Error: MISSING_MESSAGE: Footer.address (en)
    at j (.next/server/chunks/ssr/_f9f6f050._.js:3:6971) {
  code: 'MISSING_MESSAGE',
  originalMessage: 'Footer.address (en)'
}
Error: MISSING_MESSAGE: Footer.rightsReserved (en)
    at j (.next/server/chunks/ssr/_f9f6f050._.js:3:7725) {
  code: 'MISSING_MESSAGE',
  originalMessage: 'Footer.rightsReserved (en)'
}
⨯ Error [PrismaClientInitializationError]: 
Invalid `prisma.category.findUnique()` invocation:


error: Environment variable not found: DATABASE_URL.
  -->  schema.prisma:11
   | 
10 |   provider = "mysql"
11 |   url      = env("DATABASE_URL")
   | 

Validation Error Count: 1
    at <unknown> (-->  schema.prisma:11)
    at async h (.next/server/chunks/ssr/[root-of-the-server]__ec9df5af._.js:1:2698) {
  clientVersion: '5.16.0',
  errorCode: undefined,
  digest: '905238828'
}
⨯ Error [PrismaClientInitializationError]: 
Invalid `prisma.category.findUnique()` invocation:


error: Environment variable not found: DATABASE_URL.
  -->  schema.prisma:11
   | 
10 |   provider = "mysql"
11 |   url      = env("DATABASE_URL")
   | 

Validation Error Count: 1
    at <unknown> (-->  schema.prisma:11)
    at async h (.next/server/chunks/ssr/[root-of-the-server]__ec9df5af._.js:1:2698) {
  clientVersion: '5.16.0',
  errorCode: undefined,
  digest: '905238828'
}
⨯ Error [PrismaClientInitializationError]: 
Invalid `prisma.category.findUnique()` invocation:


error: Environment variable not found: DATABASE_URL.
  -->  schema.prisma:11
   | 
10 |   provider = "mysql"
11 |   url      = env("DATABASE_URL")
   | 

Validation Error Count: 1
    at <unknown> (-->  schema.prisma:11)
    at async h (.next/server/chunks/ssr/[root-of-the-server]__ec9df5af._.js:1:2698) {
  clientVersion: '5.16.0',
  errorCode: undefined,
  digest: '905238828'
}
Error [PrismaClientInitializationError]: 
Invalid `prisma.category.findUnique()` invocation:


error: Environment variable not found: DATABASE_URL.
  -->  schema.prisma:11
   | 
10 |   provider = "mysql"
11 |   url      = env("DATABASE_URL")
   | 

Validation Error Count: 1
    at <unknown> (-->  schema.prisma:11)
    at async h (.next/server/chunks/ssr/[root-of-the-server]__ec9df5af._.js:1:2698) {
  clientVersion: '5.16.0',
  errorCode: undefined,
  digest: '905238828'
}
⨯ Error [PrismaClientInitializationError]: 
Invalid `prisma.category.findUnique()` invocation:


error: Environment variable not found: DATABASE_URL.
  -->  schema.prisma:11
   | 
10 |   provider = "mysql"
11 |   url      = env("DATABASE_URL")
   | 

Validation Error Count: 1
    at <unknown> (-->  schema.prisma:11)
    at async h (.next/server/chunks/ssr/[root-of-the-server]__ec9df5af._.js:1:2698) {
  clientVersion: '5.16.0',
  errorCode: undefined,
  digest: '905238828'
}
⨯ Error [PrismaClientInitializationError]: 
Invalid `prisma.category.findUnique()` invocation:


error: Environment variable not found: DATABASE_URL.
  -->  schema.prisma:11
   | 
10 |   provider = "mysql"
11 |   url      = env("DATABASE_URL")
   | 

Validation Error Count: 1
    at <unknown> (-->  schema.prisma:11)
    at async h (.next/server/chunks/ssr/[root-of-the-server]__ec9df5af._.js:1:2698) {
  clientVersion: '5.16.0',
  errorCode: undefined,
  digest: '905238828'
}
Error [PrismaClientInitializationError]: 
Invalid `prisma.category.findUnique()` invocation:


error: Environment variable not found: DATABASE_URL.
  -->  schema.prisma:11
   | 
10 |   provider = "mysql"
11 |   url      = env("DATABASE_URL")
   | 

Validation Error Count: 1
    at <unknown> (-->  schema.prisma:11)
    at async h (.next/server/chunks/ssr/[root-of-the-server]__ec9df5af._.js:1:2698) {
  clientVersion: '5.16.0',
  errorCode: undefined,
  digest: '905238828'
}
⨯ Error [PrismaClientInitializationError]: 
Invalid `prisma.category.findUnique()` invocation:


error: Environment variable not found: DATABASE_URL.
  -->  schema.prisma:11
   | 
10 |   provider = "mysql"
11 |   url      = env("DATABASE_URL")
   | 

Validation Error Count: 1
    at <unknown> (-->  schema.prisma:11)
    at async h (.next/server/chunks/ssr/[root-of-the-server]__ec9df5af._.js:1:2698) {
  clientVersion: '5.16.0',
  errorCode: undefined,
  digest: '905238828'
}
⨯ Error [PrismaClientInitializationError]: 
Invalid `prisma.category.findUnique()` invocation:


error: Environment variable not found: DATABASE_URL.
  -->  schema.prisma:11
   | 
10 |   provider = "mysql"
11 |   url      = env("DATABASE_URL")
   | 

Validation Error Count: 1
    at <unknown> (-->  schema.prisma:11)
    at async h (.next/server/chunks/ssr/[root-of-the-server]__ec9df5af._.js:1:2698) {
  clientVersion: '5.16.0',
  errorCode: undefined,
  digest: '905238828'
}
Error [PrismaClientInitializationError]: 
Invalid `prisma.category.findUnique()` invocation:


error: Environment variable not found: DATABASE_URL.
  -->  schema.prisma:11
   | 
10 |   provider = "mysql"
11 |   url      = env("DATABASE_URL")
   | 

Validation Error Count: 1
    at <unknown> (-->  schema.prisma:11)
    at async h (.next/server/chunks/ssr/[root-of-the-server]__ec9df5af._.js:1:2698) {
  clientVersion: '5.16.0',
  errorCode: undefined,
  digest: '905238828'
}
⨯ Error [PrismaClientInitializationError]: 
Invalid `prisma.category.findUnique()` invocation:


error: Environment variable not found: DATABASE_URL.
  -->  schema.prisma:11
   | 
10 |   provider = "mysql"
11 |   url      = env("DATABASE_URL")
   | 

Validation Error Count: 1
    at <unknown> (-->  schema.prisma:11)
    at async h (.next/server/chunks/ssr/[root-of-the-server]__ec9df5af._.js:1:2698) {
  clientVersion: '5.16.0',
  errorCode: undefined,
  digest: '905238828'
}
⨯ Error [PrismaClientInitializationError]: 
Invalid `prisma.category.findUnique()` invocation:


error: Environment variable not found: DATABASE_URL.
  -->  schema.prisma:11
   | 
10 |   provider = "mysql"
11 |   url      = env("DATABASE_URL")
   | 

Validation Error Count: 1
    at <unknown> (-->  schema.prisma:11)
    at async h (.next/server/chunks/ssr/[root-of-the-server]__ec9df5af._.js:1:2698) {
  clientVersion: '5.16.0',
  errorCode: undefined,
  digest: '905238828'
}
Error: MISSING_MESSAGE: Blog (en)
    at <unknown> (.next/server/chunks/ssr/_03d8e486._.js:1:328)
    at <unknown> (.next/server/chunks/ssr/_03d8e486._.js:1:360)
    at <unknown> (.next/server/chunks/ssr/_03d8e486._.js:1:465)
    at <unknown> (.next/server/chunks/ssr/[root-of-the-server]__35851e98._.js:1:441)
    at async g (.next/server/chunks/ssr/[root-of-the-server]__6e02be8c._.js:1:995) {
  code: 'MISSING_MESSAGE',
  originalMessage: 'Blog (en)'
}
Error: MISSING_MESSAGE: Footer.address (en)
    at j (.next/server/chunks/ssr/_f9f6f050._.js:3:6971) {
  code: 'MISSING_MESSAGE',
  originalMessage: 'Footer.address (en)'
}
Error: MISSING_MESSAGE: Footer.rightsReserved (en)
    at j (.next/server/chunks/ssr/_f9f6f050._.js:3:7725) {
  code: 'MISSING_MESSAGE',
  originalMessage: 'Footer.rightsReserved (en)'
}
Error: MISSING_MESSAGE: Footer.address (en)
    at j (.next/server/chunks/ssr/_f9f6f050._.js:3:6971) {
  code: 'MISSING_MESSAGE',
  originalMessage: 'Footer.address (en)'
}
Error: MISSING_MESSAGE: Footer.rightsReserved (en)
    at j (.next/server/chunks/ssr/_f9f6f050._.js:3:7725) {
  code: 'MISSING_MESSAGE',
  originalMessage: 'Footer.rightsReserved (en)'
}
Error: MISSING_MESSAGE: Footer.address (en)
    at j (.next/server/chunks/ssr/_f9f6f050._.js:3:6971) {
  code: 'MISSING_MESSAGE',
  originalMessage: 'Footer.address (en)'
}
Error: MISSING_MESSAGE: Footer.rightsReserved (en)
    at j (.next/server/chunks/ssr/_f9f6f050._.js:3:7725) {
  code: 'MISSING_MESSAGE',
  originalMessage: 'Footer.rightsReserved (en)'
}
Error: MISSING_MESSAGE: Blog (en)
    at <unknown> (.next/server/chunks/ssr/_03d8e486._.js:1:328)
    at <unknown> (.next/server/chunks/ssr/_03d8e486._.js:1:360)
    at <unknown> (.next/server/chunks/ssr/_03d8e486._.js:1:465)
    at <unknown> (.next/server/chunks/ssr/[root-of-the-server]__35851e98._.js:1:441)
    at async g (.next/server/chunks/ssr/[root-of-the-server]__6e02be8c._.js:1:995) {
  code: 'MISSING_MESSAGE',
  originalMessage: 'Blog (en)'
}
Error: MISSING_MESSAGE: Blog (en)
    at <unknown> (.next/server/chunks/ssr/_03d8e486._.js:1:328)
    at <unknown> (.next/server/chunks/ssr/_03d8e486._.js:1:360)
    at <unknown> (.next/server/chunks/ssr/_03d8e486._.js:1:465)
    at <unknown> (.next/server/chunks/ssr/[root-of-the-server]__35851e98._.js:1:441)
    at async g (.next/server/chunks/ssr/[root-of-the-server]__6e02be8c._.js:1:995) {
  code: 'MISSING_MESSAGE',
  originalMessage: 'Blog (en)'
}
⨯ TypeError: i.map is not a function
    at g (.next/server/chunks/ssr/[root-of-the-server]__6e02be8c._.js:1:3026) {
  digest: '2013957888'
}
⨯ Error [PrismaClientInitializationError]: 
Invalid `prisma.category.findUnique()` invocation:


error: Environment variable not found: DATABASE_URL.
  -->  schema.prisma:11
   | 
10 |   provider = "mysql"
11 |   url      = env("DATABASE_URL")
   | 

Validation Error Count: 1
    at <unknown> (-->  schema.prisma:11)
    at async h (.next/server/chunks/ssr/[root-of-the-server]__ec9df5af._.js:1:2698) {
  clientVersion: '5.16.0',
  errorCode: undefined,
  digest: '905238828'
}
⨯ Error [PrismaClientInitializationError]: 
Invalid `prisma.category.findUnique()` invocation:


error: Environment variable not found: DATABASE_URL.
  -->  schema.prisma:11
   | 
10 |   provider = "mysql"
11 |   url      = env("DATABASE_URL")
   | 

Validation Error Count: 1
    at <unknown> (-->  schema.prisma:11)
    at async h (.next/server/chunks/ssr/[root-of-the-server]__ec9df5af._.js:1:2698) {
  clientVersion: '5.16.0',
  errorCode: undefined,
  digest: '905238828'
}
Error: MISSING_MESSAGE: Footer.address (en)
    at j (.next/server/chunks/ssr/_f9f6f050._.js:3:6971) {
  code: 'MISSING_MESSAGE',
  originalMessage: 'Footer.address (en)'
}
Error: MISSING_MESSAGE: Footer.rightsReserved (en)
    at j (.next/server/chunks/ssr/_f9f6f050._.js:3:7725) {
  code: 'MISSING_MESSAGE',
  originalMessage: 'Footer.rightsReserved (en)'
}
TypeError: i.map is not a function
    at g (.next/server/chunks/ssr/[root-of-the-server]__6e02be8c._.js:1:3026) {
  digest: '2013957888'
}
⨯ TypeError: i.map is not a function
    at g (.next/server/chunks/ssr/[root-of-the-server]__6e02be8c._.js:1:3026) {
  digest: '2013957888'
}
⨯ TypeError: i.map is not a function
    at g (.next/server/chunks/ssr/[root-of-the-server]__6e02be8c._.js:1:3026) {
  digest: '2013957888'
}
Error [PrismaClientInitializationError]: 
Invalid `prisma.category.findUnique()` invocation:


error: Environment variable not found: DATABASE_URL.
  -->  schema.prisma:11
   | 
10 |   provider = "mysql"
11 |   url      = env("DATABASE_URL")
   | 

Validation Error Count: 1
    at <unknown> (-->  schema.prisma:11)
    at async h (.next/server/chunks/ssr/[root-of-the-server]__ec9df5af._.js:1:2698) {
  clientVersion: '5.16.0',
  errorCode: undefined,
  digest: '905238828'
}
⨯ Error [PrismaClientInitializationError]: 
Invalid `prisma.category.findUnique()` invocation:


error: Environment variable not found: DATABASE_URL.
  -->  schema.prisma:11
   | 
10 |   provider = "mysql"
11 |   url      = env("DATABASE_URL")
   | 

Validation Error Count: 1
    at <unknown> (-->  schema.prisma:11)
    at async h (.next/server/chunks/ssr/[root-of-the-server]__ec9df5af._.js:1:2698) {
  clientVersion: '5.16.0',
  errorCode: undefined,
  digest: '905238828'
}
⨯ Error [PrismaClientInitializationError]: 
Invalid `prisma.category.findUnique()` invocation:


error: Environment variable not found: DATABASE_URL.
  -->  schema.prisma:11
   | 
10 |   provider = "mysql"
11 |   url      = env("DATABASE_URL")
   | 

Validation Error Count: 1
    at <unknown> (-->  schema.prisma:11)
    at async h (.next/server/chunks/ssr/[root-of-the-server]__ec9df5af._.js:1:2698) {
  clientVersion: '5.16.0',
  errorCode: undefined,
  digest: '905238828'
}
Error [PrismaClientInitializationError]: 
Invalid `prisma.category.findUnique()` invocation:


error: Environment variable not found: DATABASE_URL.
  -->  schema.prisma:11
   | 
10 |   provider = "mysql"
11 |   url      = env("DATABASE_URL")
   | 

Validation Error Count: 1
    at <unknown> (-->  schema.prisma:11)
    at async h (.next/server/chunks/ssr/[root-of-the-server]__ec9df5af._.js:1:2698) {
  clientVersion: '5.16.0',
  errorCode: undefined,
  digest: '905238828'
}
⨯ Error [PrismaClientInitializationError]: 
Invalid `prisma.category.findUnique()` invocation:


error: Environment variable not found: DATABASE_URL.
  -->  schema.prisma:11
   | 
10 |   provider = "mysql"
11 |   url      = env("DATABASE_URL")
   | 

Validation Error Count: 1
    at <unknown> (-->  schema.prisma:11)
    at async h (.next/server/chunks/ssr/[root-of-the-server]__ec9df5af._.js:1:2698) {
  clientVersion: '5.16.0',
  errorCode: undefined,
  digest: '905238828'
}
⨯ Error [PrismaClientInitializationError]: 
Invalid `prisma.category.findUnique()` invocation:


error: Environment variable not found: DATABASE_URL.
  -->  schema.prisma:11
   | 
10 |   provider = "mysql"
11 |   url      = env("DATABASE_URL")
   | 

Validation Error Count: 1
    at <unknown> (-->  schema.prisma:11)
    at async h (.next/server/chunks/ssr/[root-of-the-server]__ec9df5af._.js:1:2698) {
  clientVersion: '5.16.0',
  errorCode: undefined,
  digest: '905238828'
}
⨯ Error [PrismaClientInitializationError]: 
Invalid `prisma.catalog.findMany()` invocation:


error: Environment variable not found: DATABASE_URL.
  -->  schema.prisma:11
   | 
10 |   provider = "mysql"
11 |   url      = env("DATABASE_URL")
   | 

Validation Error Count: 1
    at <unknown> (-->  schema.prisma:11)
    at async j (.next/server/chunks/ssr/[root-of-the-server]__63736f44._.js:1:3080) {
  clientVersion: '5.16.0',
  errorCode: undefined,
  digest: '2514970526'
}
Error [PrismaClientInitializationError]: 
Invalid `prisma.catalog.findMany()` invocation:


error: Environment variable not found: DATABASE_URL.
  -->  schema.prisma:11
   | 
10 |   provider = "mysql"
11 |   url      = env("DATABASE_URL")
   | 

Validation Error Count: 1
    at <unknown> (-->  schema.prisma:11)
    at async j (.next/server/chunks/ssr/[root-of-the-server]__63736f44._.js:1:3080) {
  clientVersion: '5.16.0',
  errorCode: undefined,
  digest: '2514970526'
}
⨯ Error [PrismaClientInitializationError]: 
Invalid `prisma.catalog.findMany()` invocation:


error: Environment variable not found: DATABASE_URL.
  -->  schema.prisma:11
   | 
10 |   provider = "mysql"
11 |   url      = env("DATABASE_URL")
   | 

Validation Error Count: 1
    at <unknown> (-->  schema.prisma:11)
    at async j (.next/server/chunks/ssr/[root-of-the-server]__63736f44._.js:1:3080) {
  clientVersion: '5.16.0',
  errorCode: undefined,
  digest: '2514970526'
}
⨯ Error [PrismaClientInitializationError]: 
Invalid `prisma.catalog.findMany()` invocation:


error: Environment variable not found: DATABASE_URL.
  -->  schema.prisma:11
   | 
10 |   provider = "mysql"
11 |   url      = env("DATABASE_URL")
   | 

Validation Error Count: 1
    at <unknown> (-->  schema.prisma:11)
    at async j (.next/server/chunks/ssr/[root-of-the-server]__63736f44._.js:1:3080) {
  clientVersion: '5.16.0',
  errorCode: undefined,
  digest: '2514970526'
}
Error: MISSING_MESSAGE: Footer.address (en)
    at j (.next/server/chunks/ssr/_f9f6f050._.js:3:6971) {
  code: 'MISSING_MESSAGE',
  originalMessage: 'Footer.address (en)'
}
Error: MISSING_MESSAGE: Footer.rightsReserved (en)
    at j (.next/server/chunks/ssr/_f9f6f050._.js:3:7725) {
  code: 'MISSING_MESSAGE',
  originalMessage: 'Footer.rightsReserved (en)'
}
Error: MISSING_MESSAGE: TreatmentEfficacy (en)
    at <unknown> (.next/server/chunks/ssr/_03d8e486._.js:1:328)
    at <unknown> (.next/server/chunks/ssr/_03d8e486._.js:1:360)
    at <unknown> (.next/server/chunks/ssr/_03d8e486._.js:1:465)
    at <unknown> (.next/server/chunks/ssr/[root-of-the-server]__35851e98._.js:1:441)
    at async r (.next/server/chunks/ssr/[root-of-the-server]__6af51ca8._.js:1:4772) {
  code: 'MISSING_MESSAGE',
  originalMessage: 'TreatmentEfficacy (en)'
}
Error: MISSING_MESSAGE: TreatmentEfficacy (en)
    at <unknown> (.next/server/chunks/ssr/_03d8e486._.js:1:328)
    at <unknown> (.next/server/chunks/ssr/_03d8e486._.js:1:360)
    at <unknown> (.next/server/chunks/ssr/_03d8e486._.js:1:465)
    at <unknown> (.next/server/chunks/ssr/[root-of-the-server]__35851e98._.js:1:441)
    at async r (.next/server/chunks/ssr/[root-of-the-server]__6af51ca8._.js:1:4772) {
  code: 'MISSING_MESSAGE',
  originalMessage: 'TreatmentEfficacy (en)'
}
Error: MISSING_MESSAGE: TreatmentEfficacy (en)
    at <unknown> (.next/server/chunks/ssr/_03d8e486._.js:1:328)
    at <unknown> (.next/server/chunks/ssr/_03d8e486._.js:1:360)
    at <unknown> (.next/server/chunks/ssr/_03d8e486._.js:1:465)
    at <unknown> (.next/server/chunks/ssr/[root-of-the-server]__35851e98._.js:1:441)
    at async r (.next/server/chunks/ssr/[root-of-the-server]__6af51ca8._.js:1:4772) {
  code: 'MISSING_MESSAGE',
  originalMessage: 'TreatmentEfficacy (en)'
}
Error: MISSING_MESSAGE: TreatmentEfficacy (en)
    at <unknown> (.next/server/chunks/ssr/_03d8e486._.js:1:328)
    at <unknown> (.next/server/chunks/ssr/_03d8e486._.js:1:360)
    at <unknown> (.next/server/chunks/ssr/_03d8e486._.js:1:465)
    at <unknown> (.next/server/chunks/ssr/[root-of-the-server]__35851e98._.js:1:441)
    at async r (.next/server/chunks/ssr/[root-of-the-server]__6af51ca8._.js:1:4772) {
  code: 'MISSING_MESSAGE',
  originalMessage: 'TreatmentEfficacy (en)'
}
Error: MISSING_MESSAGE: TreatmentEfficacy (en)
    at <unknown> (.next/server/chunks/ssr/_03d8e486._.js:1:328)
    at <unknown> (.next/server/chunks/ssr/_03d8e486._.js:1:360)
    at <unknown> (.next/server/chunks/ssr/_03d8e486._.js:1:465)
    at <unknown> (.next/server/chunks/ssr/[root-of-the-server]__35851e98._.js:1:441)
    at async r (.next/server/chunks/ssr/[root-of-the-server]__6af51ca8._.js:1:4772) {
  code: 'MISSING_MESSAGE',
  originalMessage: 'TreatmentEfficacy (en)'
}
Error: MISSING_MESSAGE: TreatmentEfficacy (en)
    at <unknown> (.next/server/chunks/ssr/_03d8e486._.js:1:328)
    at <unknown> (.next/server/chunks/ssr/_03d8e486._.js:1:360)
    at <unknown> (.next/server/chunks/ssr/_03d8e486._.js:1:465)
    at <unknown> (.next/server/chunks/ssr/[root-of-the-server]__35851e98._.js:1:441)
    at async r (.next/server/chunks/ssr/[root-of-the-server]__6af51ca8._.js:1:4772) {
  code: 'MISSING_MESSAGE',
  originalMessage: 'TreatmentEfficacy (en)'
}
Error: MISSING_MESSAGE: TreatmentEfficacy (en)
    at <unknown> (.next/server/chunks/ssr/_03d8e486._.js:1:328)
    at <unknown> (.next/server/chunks/ssr/_03d8e486._.js:1:360)
    at <unknown> (.next/server/chunks/ssr/_03d8e486._.js:1:465)
    at <unknown> (.next/server/chunks/ssr/[root-of-the-server]__35851e98._.js:1:441)
    at async r (.next/server/chunks/ssr/[root-of-the-server]__6af51ca8._.js:1:4772) {
  code: 'MISSING_MESSAGE',
  originalMessage: 'TreatmentEfficacy (en)'
}
Error: MISSING_MESSAGE: TreatmentEfficacy (en)
    at <unknown> (.next/server/chunks/ssr/_03d8e486._.js:1:328)
    at <unknown> (.next/server/chunks/ssr/_03d8e486._.js:1:360)
    at <unknown> (.next/server/chunks/ssr/_03d8e486._.js:1:465)
    at <unknown> (.next/server/chunks/ssr/[root-of-the-server]__35851e98._.js:1:441)
    at async r (.next/server/chunks/ssr/[root-of-the-server]__6af51ca8._.js:1:4772) {
  code: 'MISSING_MESSAGE',
  originalMessage: 'TreatmentEfficacy (en)'
}
Error: MISSING_MESSAGE: TreatmentEfficacy (en)
    at <unknown> (.next/server/chunks/ssr/_03d8e486._.js:1:328)
    at <unknown> (.next/server/chunks/ssr/_03d8e486._.js:1:360)
    at <unknown> (.next/server/chunks/ssr/_03d8e486._.js:1:465)
    at <unknown> (.next/server/chunks/ssr/[root-of-the-server]__35851e98._.js:1:441)
    at async r (.next/server/chunks/ssr/[root-of-the-server]__6af51ca8._.js:1:4772) {
  code: 'MISSING_MESSAGE',
  originalMessage: 'TreatmentEfficacy (en)'
}
Error: MISSING_MESSAGE: TreatmentEfficacy (en)
    at <unknown> (.next/server/chunks/ssr/_03d8e486._.js:1:328)
    at <unknown> (.next/server/chunks/ssr/_03d8e486._.js:1:360)
    at <unknown> (.next/server/chunks/ssr/_03d8e486._.js:1:465)
    at <unknown> (.next/server/chunks/ssr/[root-of-the-server]__35851e98._.js:1:441)
    at async r (.next/server/chunks/ssr/[root-of-the-server]__6af51ca8._.js:1:4772) {
  code: 'MISSING_MESSAGE',
  originalMessage: 'TreatmentEfficacy (en)'
}
Error: MISSING_MESSAGE: TreatmentEfficacy (en)
    at <unknown> (.next/server/chunks/ssr/_03d8e486._.js:1:328)
    at <unknown> (.next/server/chunks/ssr/_03d8e486._.js:1:360)
    at <unknown> (.next/server/chunks/ssr/_03d8e486._.js:1:465)
    at <unknown> (.next/server/chunks/ssr/[root-of-the-server]__35851e98._.js:1:441)
    at async r (.next/server/chunks/ssr/[root-of-the-server]__6af51ca8._.js:1:4772) {
  code: 'MISSING_MESSAGE',
  originalMessage: 'TreatmentEfficacy (en)'
}
Error: MISSING_MESSAGE: TreatmentEfficacy (en)
    at <unknown> (.next/server/chunks/ssr/_03d8e486._.js:1:328)
    at <unknown> (.next/server/chunks/ssr/_03d8e486._.js:1:360)
    at <unknown> (.next/server/chunks/ssr/_03d8e486._.js:1:465)
    at <unknown> (.next/server/chunks/ssr/[root-of-the-server]__35851e98._.js:1:441)
    at async r (.next/server/chunks/ssr/[root-of-the-server]__6af51ca8._.js:1:4772) {
  code: 'MISSING_MESSAGE',
  originalMessage: 'TreatmentEfficacy (en)'
}
Error: MISSING_MESSAGE: TreatmentEfficacy (en)
    at <unknown> (.next/server/chunks/ssr/_03d8e486._.js:1:328)
    at <unknown> (.next/server/chunks/ssr/_03d8e486._.js:1:360)
    at <unknown> (.next/server/chunks/ssr/_03d8e486._.js:1:465)
    at <unknown> (.next/server/chunks/ssr/[root-of-the-server]__35851e98._.js:1:441)
    at async r (.next/server/chunks/ssr/[root-of-the-server]__6af51ca8._.js:1:4772) {
  code: 'MISSING_MESSAGE',
  originalMessage: 'TreatmentEfficacy (en)'
}
Error: MISSING_MESSAGE: TreatmentEfficacy (en)
    at <unknown> (.next/server/chunks/ssr/_03d8e486._.js:1:328)
    at <unknown> (.next/server/chunks/ssr/_03d8e486._.js:1:360)
    at <unknown> (.next/server/chunks/ssr/_03d8e486._.js:1:465)
    at <unknown> (.next/server/chunks/ssr/[root-of-the-server]__35851e98._.js:1:441)
    at async r (.next/server/chunks/ssr/[root-of-the-server]__6af51ca8._.js:1:4772) {
  code: 'MISSING_MESSAGE',
  originalMessage: 'TreatmentEfficacy (en)'
}
Error: MISSING_MESSAGE: TreatmentEfficacy (en)
    at <unknown> (.next/server/chunks/ssr/_03d8e486._.js:1:328)
    at <unknown> (.next/server/chunks/ssr/_03d8e486._.js:1:360)
    at <unknown> (.next/server/chunks/ssr/_03d8e486._.js:1:465)
    at <unknown> (.next/server/chunks/ssr/[root-of-the-server]__35851e98._.js:1:441)
    at async r (.next/server/chunks/ssr/[root-of-the-server]__6af51ca8._.js:1:4772) {
  code: 'MISSING_MESSAGE',
  originalMessage: 'TreatmentEfficacy (en)'
}
Error: MISSING_MESSAGE: TreatmentEfficacy (en)
    at <unknown> (.next/server/chunks/ssr/_03d8e486._.js:1:328)
    at <unknown> (.next/server/chunks/ssr/_03d8e486._.js:1:360)
    at <unknown> (.next/server/chunks/ssr/_03d8e486._.js:1:465)
    at <unknown> (.next/server/chunks/ssr/[root-of-the-server]__35851e98._.js:1:441)
    at async r (.next/server/chunks/ssr/[root-of-the-server]__6af51ca8._.js:1:4772) {
  code: 'MISSING_MESSAGE',
  originalMessage: 'TreatmentEfficacy (en)'
}
Error: MISSING_MESSAGE: Footer.address (en)
    at j (.next/server/chunks/ssr/_f9f6f050._.js:3:6971) {
  code: 'MISSING_MESSAGE',
  originalMessage: 'Footer.address (en)'
}
Error: MISSING_MESSAGE: Footer.rightsReserved (en)
    at j (.next/server/chunks/ssr/_f9f6f050._.js:3:7725) {
  code: 'MISSING_MESSAGE',
  originalMessage: 'Footer.rightsReserved (en)'
}
Error: MISSING_MESSAGE: About (en)
    at <unknown> (.next/server/chunks/ssr/_03d8e486._.js:1:328)
    at <unknown> (.next/server/chunks/ssr/_03d8e486._.js:1:360)
    at <unknown> (.next/server/chunks/ssr/_03d8e486._.js:1:465)
    at <unknown> (.next/server/chunks/ssr/[root-of-the-server]__35851e98._.js:1:441)
    at async g (.next/server/chunks/ssr/[root-of-the-server]__35851e98._.js:1:1168) {
  code: 'MISSING_MESSAGE',
  originalMessage: 'About (en)'
}
Error: MISSING_MESSAGE: About (en)
    at <unknown> (.next/server/chunks/ssr/_03d8e486._.js:1:328)
    at <unknown> (.next/server/chunks/ssr/_03d8e486._.js:1:360)
    at <unknown> (.next/server/chunks/ssr/_03d8e486._.js:1:465)
    at <unknown> (.next/server/chunks/ssr/[root-of-the-server]__35851e98._.js:1:441)
    at async g (.next/server/chunks/ssr/[root-of-the-server]__35851e98._.js:1:1168) {
  code: 'MISSING_MESSAGE',
  originalMessage: 'About (en)'
}
⨯ Error [PrismaClientInitializationError]: 
Invalid `prisma.award.findMany()` invocation:


error: Environment variable not found: DATABASE_URL.
  -->  schema.prisma:11
   | 
10 |   provider = "mysql"
11 |   url      = env("DATABASE_URL")
   | 

Validation Error Count: 1
    at <unknown> (-->  schema.prisma:11)
    at async g (.next/server/chunks/ssr/[root-of-the-server]__35851e98._.js:1:1239) {
  clientVersion: '5.16.0',
  errorCode: undefined,
  digest: '2574933502'
}
Error: MISSING_MESSAGE: About (en)
    at <unknown> (.next/server/chunks/ssr/_03d8e486._.js:1:328)
    at <unknown> (.next/server/chunks/ssr/_03d8e486._.js:1:360)
    at <unknown> (.next/server/chunks/ssr/_03d8e486._.js:1:465)
    at <unknown> (.next/server/chunks/ssr/[root-of-the-server]__35851e98._.js:1:441)
    at async Module.f (.next/server/chunks/ssr/[root-of-the-server]__35851e98._.js:1:982) {
  code: 'MISSING_MESSAGE',
  originalMessage: 'About (en)'
}
Error: MISSING_MESSAGE: About (en)
    at <unknown> (.next/server/chunks/ssr/_03d8e486._.js:1:328)
    at <unknown> (.next/server/chunks/ssr/_03d8e486._.js:1:360)
    at <unknown> (.next/server/chunks/ssr/_03d8e486._.js:1:465)
    at <unknown> (.next/server/chunks/ssr/[root-of-the-server]__35851e98._.js:1:441)
    at async Module.f (.next/server/chunks/ssr/[root-of-the-server]__35851e98._.js:1:982) {
  code: 'MISSING_MESSAGE',
  originalMessage: 'About (en)'
}
Error [PrismaClientInitializationError]: 
Invalid `prisma.award.findMany()` invocation:


error: Environment variable not found: DATABASE_URL.
  -->  schema.prisma:11
   | 
10 |   provider = "mysql"
11 |   url      = env("DATABASE_URL")
   | 

Validation Error Count: 1
    at <unknown> (-->  schema.prisma:11)
    at async g (.next/server/chunks/ssr/[root-of-the-server]__35851e98._.js:1:1239) {
  clientVersion: '5.16.0',
  errorCode: undefined,
  digest: '2574933502'
}
⨯ Error [PrismaClientInitializationError]: 
Invalid `prisma.award.findMany()` invocation:


error: Environment variable not found: DATABASE_URL.
  -->  schema.prisma:11
   | 
10 |   provider = "mysql"
11 |   url      = env("DATABASE_URL")
   | 

Validation Error Count: 1
    at <unknown> (-->  schema.prisma:11)
    at async g (.next/server/chunks/ssr/[root-of-the-server]__35851e98._.js:1:1239) {
  clientVersion: '5.16.0',
  errorCode: undefined,
  digest: '2574933502'
}
⨯ Error [PrismaClientInitializationError]: 
Invalid `prisma.award.findMany()` invocation:


error: Environment variable not found: DATABASE_URL.
  -->  schema.prisma:11
   | 
10 |   provider = "mysql"
11 |   url      = env("DATABASE_URL")
   | 

Validation Error Count: 1
    at <unknown> (-->  schema.prisma:11)
    at async g (.next/server/chunks/ssr/[root-of-the-server]__35851e98._.js:1:1239) {
  clientVersion: '5.16.0',
  errorCode: undefined,
  digest: '2574933502'
}
Error: MISSING_MESSAGE: Footer.address (en)
    at j (.next/server/chunks/ssr/_f9f6f050._.js:3:6971) {
  code: 'MISSING_MESSAGE',
  originalMessage: 'Footer.address (en)'
}
Error: MISSING_MESSAGE: Footer.rightsReserved (en)
    at j (.next/server/chunks/ssr/_f9f6f050._.js:3:7725) {
  code: 'MISSING_MESSAGE',
  originalMessage: 'Footer.rightsReserved (en)'
}
Error: MISSING_MESSAGE: Footer.address (en)
    at j (.next/server/chunks/ssr/_f9f6f050._.js:3:6971) {
  code: 'MISSING_MESSAGE',
  originalMessage: 'Footer.address (en)'
}
Error: MISSING_MESSAGE: Footer.rightsReserved (en)
    at j (.next/server/chunks/ssr/_f9f6f050._.js:3:7725) {
  code: 'MISSING_MESSAGE',
  originalMessage: 'Footer.rightsReserved (en)'
}
Error: MISSING_MESSAGE: ProductionPlants (en)
    at <unknown> (.next/server/chunks/ssr/_03d8e486._.js:1:328)
    at <unknown> (.next/server/chunks/ssr/_03d8e486._.js:1:360)
    at <unknown> (.next/server/chunks/ssr/_03d8e486._.js:1:465)
    at <unknown> (.next/server/chunks/ssr/[root-of-the-server]__35851e98._.js:1:441)
    at async Module.c (.next/server/chunks/ssr/_8a88276c._.js:1:361) {
  code: 'MISSING_MESSAGE',
  originalMessage: 'ProductionPlants (en)'
}
Error: MISSING_MESSAGE: ProductionPlants (en)
    at <unknown> (.next/server/chunks/ssr/_03d8e486._.js:1:328)
    at <unknown> (.next/server/chunks/ssr/_03d8e486._.js:1:360)
    at <unknown> (.next/server/chunks/ssr/_03d8e486._.js:1:465)
    at <unknown> (.next/server/chunks/ssr/[root-of-the-server]__35851e98._.js:1:441)
    at async Module.c (.next/server/chunks/ssr/_8a88276c._.js:1:361) {
  code: 'MISSING_MESSAGE',
  originalMessage: 'ProductionPlants (en)'
}
Error: MISSING_MESSAGE: ProductionPlants (en)
    at <unknown> (.next/server/chunks/ssr/[root-of-the-server]__d9de7955._.js:1:10706)
    at g (.next/server/chunks/ssr/src_app_[locale]_(public)_about_production-plants_page_tsx_02953357._.js:1:149) {
  code: 'MISSING_MESSAGE',
  originalMessage: 'ProductionPlants (en)'
}
Error: MISSING_MESSAGE: ProductionPlants (en)
    at <unknown> (.next/server/chunks/ssr/[root-of-the-server]__d9de7955._.js:1:10706)
    at g (.next/server/chunks/ssr/src_app_[locale]_(public)_about_production-plants_page_tsx_02953357._.js:1:149) {
  code: 'MISSING_MESSAGE',
  originalMessage: 'ProductionPlants (en)'
}
Error: MISSING_MESSAGE: ProductionPlants (en)
    at <unknown> (.next/server/chunks/ssr/[root-of-the-server]__d9de7955._.js:1:10706)
    at g (.next/server/chunks/ssr/src_app_[locale]_(public)_about_production-plants_page_tsx_02953357._.js:1:149) {
  code: 'MISSING_MESSAGE',
  originalMessage: 'ProductionPlants (en)'
}
Error: MISSING_MESSAGE: ProductionPlants (en)
    at <unknown> (.next/server/chunks/ssr/[root-of-the-server]__d9de7955._.js:1:10706)
    at g (.next/server/chunks/ssr/src_app_[locale]_(public)_about_production-plants_page_tsx_02953357._.js:1:149) {
  code: 'MISSING_MESSAGE',
  originalMessage: 'ProductionPlants (en)'
}
Error: MISSING_MESSAGE: ProductionPlants (en)
    at <unknown> (.next/server/chunks/ssr/[root-of-the-server]__d9de7955._.js:1:10706)
    at g (.next/server/chunks/ssr/src_app_[locale]_(public)_about_production-plants_page_tsx_02953357._.js:1:149) {
  code: 'MISSING_MESSAGE',
  originalMessage: 'ProductionPlants (en)'
}
Error: MISSING_MESSAGE: ProductionPlants (en)
    at <unknown> (.next/server/chunks/ssr/[root-of-the-server]__d9de7955._.js:1:10706)
    at g (.next/server/chunks/ssr/src_app_[locale]_(public)_about_production-plants_page_tsx_02953357._.js:1:149) {
  code: 'MISSING_MESSAGE',
  originalMessage: 'ProductionPlants (en)'
}
Error: MISSING_MESSAGE: ProductionPlants (en)
    at <unknown> (.next/server/chunks/ssr/[root-of-the-server]__d9de7955._.js:1:10706)
    at g (.next/server/chunks/ssr/src_app_[locale]_(public)_about_production-plants_page_tsx_02953357._.js:1:149) {
  code: 'MISSING_MESSAGE',
  originalMessage: 'ProductionPlants (en)'
}
Error: MISSING_MESSAGE: ProductionPlants (en)
    at <unknown> (.next/server/chunks/ssr/[root-of-the-server]__d9de7955._.js:1:10706)
    at g (.next/server/chunks/ssr/src_app_[locale]_(public)_about_production-plants_page_tsx_02953357._.js:1:149) {
  code: 'MISSING_MESSAGE',
  originalMessage: 'ProductionPlants (en)'
}
Error: MISSING_MESSAGE: ProductionPlants (en)
    at <unknown> (.next/server/chunks/ssr/[root-of-the-server]__d9de7955._.js:1:10706)
    at g (.next/server/chunks/ssr/src_app_[locale]_(public)_about_production-plants_page_tsx_02953357._.js:1:149) {
  code: 'MISSING_MESSAGE',
  originalMessage: 'ProductionPlants (en)'
}
⨯ TypeError: h.map is not a function
    at g (.next/server/chunks/ssr/src_app_[locale]_(public)_about_production-plants_page_tsx_02953357._.js:1:1836) {
  digest: '59952949'
}
Error: MISSING_MESSAGE: ProductionPlants (en)
    at <unknown> (.next/server/chunks/ssr/_03d8e486._.js:1:328)
    at <unknown> (.next/server/chunks/ssr/_03d8e486._.js:1:360)
    at <unknown> (.next/server/chunks/ssr/_03d8e486._.js:1:465)
    at <unknown> (.next/server/chunks/ssr/[root-of-the-server]__35851e98._.js:1:441)
    at async Module.c (.next/server/chunks/ssr/_8a88276c._.js:1:361) {
  code: 'MISSING_MESSAGE',
  originalMessage: 'ProductionPlants (en)'
}
Error: MISSING_MESSAGE: ProductionPlants (en)
    at <unknown> (.next/server/chunks/ssr/_03d8e486._.js:1:328)
    at <unknown> (.next/server/chunks/ssr/_03d8e486._.js:1:360)
    at <unknown> (.next/server/chunks/ssr/_03d8e486._.js:1:465)
    at <unknown> (.next/server/chunks/ssr/[root-of-the-server]__35851e98._.js:1:441)
    at async Module.c (.next/server/chunks/ssr/_8a88276c._.js:1:361) {
  code: 'MISSING_MESSAGE',
  originalMessage: 'ProductionPlants (en)'
}
TypeError: h.map is not a function
    at g (.next/server/chunks/ssr/src_app_[locale]_(public)_about_production-plants_page_tsx_02953357._.js:1:1836) {
  digest: '59952949'
}
⨯ TypeError: h.map is not a function
    at g (.next/server/chunks/ssr/src_app_[locale]_(public)_about_production-plants_page_tsx_02953357._.js:1:1836) {
  digest: '59952949'
}
⨯ TypeError: h.map is not a function
    at g (.next/server/chunks/ssr/src_app_[locale]_(public)_about_production-plants_page_tsx_02953357._.js:1:1836) {
  digest: '59952949'
}
⨯ Error: Failed to fetch company data
    at g (.next/server/chunks/ssr/[root-of-the-server]__a4c5db24._.js:13:792)
    at async g (.next/server/chunks/ssr/[root-of-the-server]__3af471d7._.js:1:1911) {
  digest: '2697648912'
}
Error: Failed to fetch company data
    at g (.next/server/chunks/ssr/[root-of-the-server]__a4c5db24._.js:13:792)
    at async g (.next/server/chunks/ssr/[root-of-the-server]__3af471d7._.js:1:1911) {
  digest: '2697648912'
}
⨯ Error: Failed to fetch company data
    at g (.next/server/chunks/ssr/[root-of-the-server]__a4c5db24._.js:13:792)
    at async g (.next/server/chunks/ssr/[root-of-the-server]__3af471d7._.js:1:1911) {
  digest: '2697648912'
}
⨯ Error: Failed to fetch company data
    at g (.next/server/chunks/ssr/[root-of-the-server]__a4c5db24._.js:13:792)
    at async g (.next/server/chunks/ssr/[root-of-the-server]__3af471d7._.js:1:1911) {
  digest: '2697648912'
}
Error: MISSING_MESSAGE: Footer.address (en)
    at j (.next/server/chunks/ssr/_f9f6f050._.js:3:6971) {
  code: 'MISSING_MESSAGE',
  originalMessage: 'Footer.address (en)'
}
Error: MISSING_MESSAGE: Footer.rightsReserved (en)
    at j (.next/server/chunks/ssr/_f9f6f050._.js:3:7725) {
  code: 'MISSING_MESSAGE',
  originalMessage: 'Footer.rightsReserved (en)'
}
⨯ Error [PrismaClientInitializationError]: 
Invalid `prisma.category.findUnique()` invocation:


error: Environment variable not found: DATABASE_URL.
  -->  schema.prisma:11
   | 
10 |   provider = "mysql"
11 |   url      = env("DATABASE_URL")
   | 

Validation Error Count: 1
    at <unknown> (-->  schema.prisma:11)
    at async h (.next/server/chunks/ssr/[root-of-the-server]__ec9df5af._.js:1:2698) {
  clientVersion: '5.16.0',
  errorCode: undefined,
  digest: '905238828'
}
Error [PrismaClientInitializationError]: 
Invalid `prisma.category.findUnique()` invocation:


error: Environment variable not found: DATABASE_URL.
  -->  schema.prisma:11
   | 
10 |   provider = "mysql"
11 |   url      = env("DATABASE_URL")
   | 

Validation Error Count: 1
    at <unknown> (-->  schema.prisma:11)
    at async h (.next/server/chunks/ssr/[root-of-the-server]__ec9df5af._.js:1:2698) {
  clientVersion: '5.16.0',
  errorCode: undefined,
  digest: '905238828'
}
⨯ Error [PrismaClientInitializationError]: 
Invalid `prisma.category.findUnique()` invocation:


error: Environment variable not found: DATABASE_URL.
  -->  schema.prisma:11
   | 
10 |   provider = "mysql"
11 |   url      = env("DATABASE_URL")
   | 

Validation Error Count: 1
    at <unknown> (-->  schema.prisma:11)
    at async h (.next/server/chunks/ssr/[root-of-the-server]__ec9df5af._.js:1:2698) {
  clientVersion: '5.16.0',
  errorCode: undefined,
  digest: '905238828'
}
⨯ Error [PrismaClientInitializationError]: 
Invalid `prisma.category.findUnique()` invocation:


error: Environment variable not found: DATABASE_URL.
  -->  schema.prisma:11
   | 
10 |   provider = "mysql"
11 |   url      = env("DATABASE_URL")
   | 

Validation Error Count: 1
    at <unknown> (-->  schema.prisma:11)
    at async h (.next/server/chunks/ssr/[root-of-the-server]__ec9df5af._.js:1:2698) {
  clientVersion: '5.16.0',
  errorCode: undefined,
  digest: '905238828'
}
Error: MISSING_MESSAGE: Footer.address (en)
    at j (.next/server/chunks/ssr/_f9f6f050._.js:3:6971) {
  code: 'MISSING_MESSAGE',
  originalMessage: 'Footer.address (en)'
}
Error: MISSING_MESSAGE: Footer.rightsReserved (en)
    at j (.next/server/chunks/ssr/_f9f6f050._.js:3:7725) {
  code: 'MISSING_MESSAGE',
  originalMessage: 'Footer.rightsReserved (en)'
}
⨯ Error [PrismaClientInitializationError]: 
Invalid `prisma.category.findUnique()` invocation:


error: Environment variable not found: DATABASE_URL.
  -->  schema.prisma:11
   | 
10 |   provider = "mysql"
11 |   url      = env("DATABASE_URL")
   | 

Validation Error Count: 1
    at <unknown> (-->  schema.prisma:11)
    at async h (.next/server/chunks/ssr/[root-of-the-server]__ec9df5af._.js:1:2698) {
  clientVersion: '5.16.0',
  errorCode: undefined,
  digest: '905238828'
}
Error: MISSING_MESSAGE: Footer.address (en)
    at j (.next/server/chunks/ssr/_f9f6f050._.js:3:6971) {
  code: 'MISSING_MESSAGE',
  originalMessage: 'Footer.address (en)'
}
Error: MISSING_MESSAGE: Footer.rightsReserved (en)
    at j (.next/server/chunks/ssr/_f9f6f050._.js:3:7725) {
  code: 'MISSING_MESSAGE',
  originalMessage: 'Footer.rightsReserved (en)'
}
Error [PrismaClientInitializationError]: 
Invalid `prisma.category.findUnique()` invocation:


error: Environment variable not found: DATABASE_URL.
  -->  schema.prisma:11
   | 
10 |   provider = "mysql"
11 |   url      = env("DATABASE_URL")
   | 

Validation Error Count: 1
    at <unknown> (-->  schema.prisma:11)
    at async h (.next/server/chunks/ssr/[root-of-the-server]__ec9df5af._.js:1:2698) {
  clientVersion: '5.16.0',
  errorCode: undefined,
  digest: '905238828'
}
⨯ Error [PrismaClientInitializationError]: 
Invalid `prisma.category.findUnique()` invocation:


error: Environment variable not found: DATABASE_URL.
  -->  schema.prisma:11
   | 
10 |   provider = "mysql"
11 |   url      = env("DATABASE_URL")
   | 

Validation Error Count: 1
    at <unknown> (-->  schema.prisma:11)
    at async h (.next/server/chunks/ssr/[root-of-the-server]__ec9df5af._.js:1:2698) {
  clientVersion: '5.16.0',
  errorCode: undefined,
  digest: '905238828'
}
⨯ Error [PrismaClientInitializationError]: 
Invalid `prisma.category.findUnique()` invocation:


error: Environment variable not found: DATABASE_URL.
  -->  schema.prisma:11
   | 
10 |   provider = "mysql"
11 |   url      = env("DATABASE_URL")
   | 

Validation Error Count: 1
    at <unknown> (-->  schema.prisma:11)
    at async h (.next/server/chunks/ssr/[root-of-the-server]__ec9df5af._.js:1:2698) {
  clientVersion: '5.16.0',
  errorCode: undefined,
  digest: '905238828'
}
⨯ Error [PrismaClientInitializationError]: 
Invalid `prisma.category.findUnique()` invocation:


error: Environment variable not found: DATABASE_URL.
  -->  schema.prisma:11
   | 
10 |   provider = "mysql"
11 |   url      = env("DATABASE_URL")
   | 

Validation Error Count: 1
    at <unknown> (-->  schema.prisma:11)
    at async h (.next/server/chunks/ssr/[root-of-the-server]__ec9df5af._.js:1:2698) {
  clientVersion: '5.16.0',
  errorCode: undefined,
  digest: '905238828'
}
Error [PrismaClientInitializationError]: 
Invalid `prisma.category.findUnique()` invocation:


error: Environment variable not found: DATABASE_URL.
  -->  schema.prisma:11
   | 
10 |   provider = "mysql"
11 |   url      = env("DATABASE_URL")
   | 

Validation Error Count: 1
    at <unknown> (-->  schema.prisma:11)
    at async h (.next/server/chunks/ssr/[root-of-the-server]__ec9df5af._.js:1:2698) {
  clientVersion: '5.16.0',
  errorCode: undefined,
  digest: '905238828'
}
⨯ Error [PrismaClientInitializationError]: 
Invalid `prisma.category.findUnique()` invocation:


error: Environment variable not found: DATABASE_URL.
  -->  schema.prisma:11
   | 
10 |   provider = "mysql"
11 |   url      = env("DATABASE_URL")
   | 

Validation Error Count: 1
    at <unknown> (-->  schema.prisma:11)
    at async h (.next/server/chunks/ssr/[root-of-the-server]__ec9df5af._.js:1:2698) {
  clientVersion: '5.16.0',
  errorCode: undefined,
  digest: '905238828'
}
⨯ Error [PrismaClientInitializationError]: 
Invalid `prisma.category.findUnique()` invocation:


error: Environment variable not found: DATABASE_URL.
  -->  schema.prisma:11
   | 
10 |   provider = "mysql"
11 |   url      = env("DATABASE_URL")
   | 

Validation Error Count: 1
    at <unknown> (-->  schema.prisma:11)
    at async h (.next/server/chunks/ssr/[root-of-the-server]__ec9df5af._.js:1:2698) {
  clientVersion: '5.16.0',
  errorCode: undefined,
  digest: '905238828'
}
Error: MISSING_MESSAGE: Footer.address (en)
    at j (.next/server/chunks/ssr/_f9f6f050._.js:3:6971) {
  code: 'MISSING_MESSAGE',
  originalMessage: 'Footer.address (en)'
}
Error: MISSING_MESSAGE: Footer.rightsReserved (en)
    at j (.next/server/chunks/ssr/_f9f6f050._.js:3:7725) {
  code: 'MISSING_MESSAGE',
  originalMessage: 'Footer.rightsReserved (en)'
}
Error: MISSING_MESSAGE: Footer.address (en)
    at j (.next/server/chunks/ssr/_f9f6f050._.js:3:6971) {
  code: 'MISSING_MESSAGE',
  originalMessage: 'Footer.address (en)'
}
Error: MISSING_MESSAGE: Footer.rightsReserved (en)
    at j (.next/server/chunks/ssr/_f9f6f050._.js:3:7725) {
  code: 'MISSING_MESSAGE',
  originalMessage: 'Footer.rightsReserved (en)'
}
⨯ Error [PrismaClientInitializationError]: 
Invalid `prisma.category.findUnique()` invocation:


error: Environment variable not found: DATABASE_URL.
  -->  schema.prisma:11
   | 
10 |   provider = "mysql"
11 |   url      = env("DATABASE_URL")
   | 

Validation Error Count: 1
    at <unknown> (-->  schema.prisma:11)
    at async h (.next/server/chunks/ssr/[root-of-the-server]__ec9df5af._.js:1:2698) {
  clientVersion: '5.16.0',
  errorCode: undefined,
  digest: '905238828'
}
⨯ Error [PrismaClientInitializationError]: 
Invalid `prisma.crop.findMany()` invocation:


error: Environment variable not found: DATABASE_URL.
  -->  schema.prisma:11
   | 
10 |   provider = "mysql"
11 |   url      = env("DATABASE_URL")
   | 

Validation Error Count: 1
    at <unknown> (-->  schema.prisma:11)
    at async e (.next/server/chunks/ssr/[root-of-the-server]__a7eaac03._.js:1:1680) {
  clientVersion: '5.16.0',
  errorCode: undefined,
  digest: '1578237943'
}
Error [PrismaClientInitializationError]: 
Invalid `prisma.category.findUnique()` invocation:


error: Environment variable not found: DATABASE_URL.
  -->  schema.prisma:11
   | 
10 |   provider = "mysql"
11 |   url      = env("DATABASE_URL")
   | 

Validation Error Count: 1
    at <unknown> (-->  schema.prisma:11)
    at async h (.next/server/chunks/ssr/[root-of-the-server]__ec9df5af._.js:1:2698) {
  clientVersion: '5.16.0',
  errorCode: undefined,
  digest: '905238828'
}
⨯ Error [PrismaClientInitializationError]: 
Invalid `prisma.category.findUnique()` invocation:


error: Environment variable not found: DATABASE_URL.
  -->  schema.prisma:11
   | 
10 |   provider = "mysql"
11 |   url      = env("DATABASE_URL")
   | 

Validation Error Count: 1
    at <unknown> (-->  schema.prisma:11)
    at async h (.next/server/chunks/ssr/[root-of-the-server]__ec9df5af._.js:1:2698) {
  clientVersion: '5.16.0',
  errorCode: undefined,
  digest: '905238828'
}
⨯ Error [PrismaClientInitializationError]: 
Invalid `prisma.category.findUnique()` invocation:


error: Environment variable not found: DATABASE_URL.
  -->  schema.prisma:11
   | 
10 |   provider = "mysql"
11 |   url      = env("DATABASE_URL")
   | 

Validation Error Count: 1
    at <unknown> (-->  schema.prisma:11)
    at async h (.next/server/chunks/ssr/[root-of-the-server]__ec9df5af._.js:1:2698) {
  clientVersion: '5.16.0',
  errorCode: undefined,
  digest: '905238828'
}
Error [PrismaClientInitializationError]: 
Invalid `prisma.crop.findMany()` invocation:


error: Environment variable not found: DATABASE_URL.
  -->  schema.prisma:11
   | 
10 |   provider = "mysql"
11 |   url      = env("DATABASE_URL")
   | 

Validation Error Count: 1
    at <unknown> (-->  schema.prisma:11)
    at async e (.next/server/chunks/ssr/[root-of-the-server]__a7eaac03._.js:1:1680) {
  clientVersion: '5.16.0',
  errorCode: undefined,
  digest: '1578237943'
}
⨯ Error [PrismaClientInitializationError]: 
Invalid `prisma.crop.findMany()` invocation:


error: Environment variable not found: DATABASE_URL.
  -->  schema.prisma:11
   | 
10 |   provider = "mysql"
11 |   url      = env("DATABASE_URL")
   | 

Validation Error Count: 1
    at <unknown> (-->  schema.prisma:11)
    at async e (.next/server/chunks/ssr/[root-of-the-server]__a7eaac03._.js:1:1680) {
  clientVersion: '5.16.0',
  errorCode: undefined,
  digest: '1578237943'
}
⨯ Error [PrismaClientInitializationError]: 
Invalid `prisma.crop.findMany()` invocation:


error: Environment variable not found: DATABASE_URL.
  -->  schema.prisma:11
   | 
10 |   provider = "mysql"
11 |   url      = env("DATABASE_URL")
   | 

Validation Error Count: 1
    at <unknown> (-->  schema.prisma:11)
    at async e (.next/server/chunks/ssr/[root-of-the-server]__a7eaac03._.js:1:1680) {
  clientVersion: '5.16.0',
  errorCode: undefined,
  digest: '1578237943'
}
Error: MISSING_MESSAGE: Footer.address (en)
    at j (.next/server/chunks/ssr/_f9f6f050._.js:3:6971) {
  code: 'MISSING_MESSAGE',
  originalMessage: 'Footer.address (en)'
}
Error: MISSING_MESSAGE: Footer.rightsReserved (en)
    at j (.next/server/chunks/ssr/_f9f6f050._.js:3:7725) {
  code: 'MISSING_MESSAGE',
  originalMessage: 'Footer.rightsReserved (en)'
}
Error: MISSING_MESSAGE: Footer.address (en)
    at j (.next/server/chunks/ssr/_f9f6f050._.js:3:6971) {
  code: 'MISSING_MESSAGE',
  originalMessage: 'Footer.address (en)'
}
Error: MISSING_MESSAGE: Footer.rightsReserved (en)
    at j (.next/server/chunks/ssr/_f9f6f050._.js:3:7725) {
  code: 'MISSING_MESSAGE',
  originalMessage: 'Footer.rightsReserved (en)'
}
⨯ Error [PrismaClientInitializationError]: 
Invalid `prisma.category.findUnique()` invocation:


error: Environment variable not found: DATABASE_URL.
  -->  schema.prisma:11
   | 
10 |   provider = "mysql"
11 |   url      = env("DATABASE_URL")
   | 

Validation Error Count: 1
    at <unknown> (-->  schema.prisma:11)
    at async h (.next/server/chunks/ssr/[root-of-the-server]__ec9df5af._.js:1:2698) {
  clientVersion: '5.16.0',
  errorCode: undefined,
  digest: '905238828'
}
⨯ Error [PrismaClientInitializationError]: 
Invalid `prisma.category.findUnique()` invocation:


error: Environment variable not found: DATABASE_URL.
  -->  schema.prisma:11
   | 
10 |   provider = "mysql"
11 |   url      = env("DATABASE_URL")
   | 

Validation Error Count: 1
    at <unknown> (-->  schema.prisma:11)
    at async h (.next/server/chunks/ssr/[root-of-the-server]__ec9df5af._.js:1:2698) {
  clientVersion: '5.16.0',
  errorCode: undefined,
  digest: '905238828'
}
Error [PrismaClientInitializationError]: 
Invalid `prisma.category.findUnique()` invocation:


error: Environment variable not found: DATABASE_URL.
  -->  schema.prisma:11
   | 
10 |   provider = "mysql"
11 |   url      = env("DATABASE_URL")
   | 

Validation Error Count: 1
    at <unknown> (-->  schema.prisma:11)
    at async h (.next/server/chunks/ssr/[root-of-the-server]__ec9df5af._.js:1:2698) {
  clientVersion: '5.16.0',
  errorCode: undefined,
  digest: '905238828'
}
⨯ Error [PrismaClientInitializationError]: 
Invalid `prisma.category.findUnique()` invocation:


error: Environment variable not found: DATABASE_URL.
  -->  schema.prisma:11
   | 
10 |   provider = "mysql"
11 |   url      = env("DATABASE_URL")
   | 

Validation Error Count: 1
    at <unknown> (-->  schema.prisma:11)
    at async h (.next/server/chunks/ssr/[root-of-the-server]__ec9df5af._.js:1:2698) {
  clientVersion: '5.16.0',
  errorCode: undefined,
  digest: '905238828'
}
⨯ Error [PrismaClientInitializationError]: 
Invalid `prisma.category.findUnique()` invocation:


error: Environment variable not found: DATABASE_URL.
  -->  schema.prisma:11
   | 
10 |   provider = "mysql"
11 |   url      = env("DATABASE_URL")
   | 

Validation Error Count: 1
    at <unknown> (-->  schema.prisma:11)
    at async h (.next/server/chunks/ssr/[root-of-the-server]__ec9df5af._.js:1:2698) {
  clientVersion: '5.16.0',
  errorCode: undefined,
  digest: '905238828'
}
Error [PrismaClientInitializationError]: 
Invalid `prisma.category.findUnique()` invocation:


error: Environment variable not found: DATABASE_URL.
  -->  schema.prisma:11
   | 
10 |   provider = "mysql"
11 |   url      = env("DATABASE_URL")
   | 

Validation Error Count: 1
    at <unknown> (-->  schema.prisma:11)
    at async h (.next/server/chunks/ssr/[root-of-the-server]__ec9df5af._.js:1:2698) {
  clientVersion: '5.16.0',
  errorCode: undefined,
  digest: '905238828'
}
⨯ Error [PrismaClientInitializationError]: 
Invalid `prisma.category.findUnique()` invocation:


error: Environment variable not found: DATABASE_URL.
  -->  schema.prisma:11
   | 
10 |   provider = "mysql"
11 |   url      = env("DATABASE_URL")
   | 

Validation Error Count: 1
    at <unknown> (-->  schema.prisma:11)
    at async h (.next/server/chunks/ssr/[root-of-the-server]__ec9df5af._.js:1:2698) {
  clientVersion: '5.16.0',
  errorCode: undefined,
  digest: '905238828'
}
⨯ Error [PrismaClientInitializationError]: 
Invalid `prisma.category.findUnique()` invocation:


error: Environment variable not found: DATABASE_URL.
  -->  schema.prisma:11
   | 
10 |   provider = "mysql"
11 |   url      = env("DATABASE_URL")
   | 

Validation Error Count: 1
    at <unknown> (-->  schema.prisma:11)
    at async h (.next/server/chunks/ssr/[root-of-the-server]__ec9df5af._.js:1:2698) {
  clientVersion: '5.16.0',
  errorCode: undefined,
  digest: '905238828'
}
Error: MISSING_MESSAGE: Footer.address (en)
    at j (.next/server/chunks/ssr/_f9f6f050._.js:3:6971) {
  code: 'MISSING_MESSAGE',
  originalMessage: 'Footer.address (en)'
}
Error: MISSING_MESSAGE: Footer.rightsReserved (en)
    at j (.next/server/chunks/ssr/_f9f6f050._.js:3:7725) {
  code: 'MISSING_MESSAGE',
  originalMessage: 'Footer.rightsReserved (en)'
}
⨯ Error [PrismaClientInitializationError]: 
Invalid `prisma.category.findUnique()` invocation:


error: Environment variable not found: DATABASE_URL.
  -->  schema.prisma:11
   | 
10 |   provider = "mysql"
11 |   url      = env("DATABASE_URL")
   | 

Validation Error Count: 1
    at <unknown> (-->  schema.prisma:11)
    at async h (.next/server/chunks/ssr/[root-of-the-server]__ec9df5af._.js:1:2698) {
  clientVersion: '5.16.0',
  errorCode: undefined,
  digest: '905238828'
}
Error [PrismaClientInitializationError]: 
Invalid `prisma.category.findUnique()` invocation:


error: Environment variable not found: DATABASE_URL.
  -->  schema.prisma:11
   | 
10 |   provider = "mysql"
11 |   url      = env("DATABASE_URL")
   | 

Validation Error Count: 1
    at <unknown> (-->  schema.prisma:11)
    at async h (.next/server/chunks/ssr/[root-of-the-server]__ec9df5af._.js:1:2698) {
  clientVersion: '5.16.0',
  errorCode: undefined,
  digest: '905238828'
}
⨯ Error [PrismaClientInitializationError]: 
Invalid `prisma.category.findUnique()` invocation:


error: Environment variable not found: DATABASE_URL.
  -->  schema.prisma:11
   | 
10 |   provider = "mysql"
11 |   url      = env("DATABASE_URL")
   | 

Validation Error Count: 1
    at <unknown> (-->  schema.prisma:11)
    at async h (.next/server/chunks/ssr/[root-of-the-server]__ec9df5af._.js:1:2698) {
  clientVersion: '5.16.0',
  errorCode: undefined,
  digest: '905238828'
}
⨯ Error [PrismaClientInitializationError]: 
Invalid `prisma.category.findUnique()` invocation:


error: Environment variable not found: DATABASE_URL.
  -->  schema.prisma:11
   | 
10 |   provider = "mysql"
11 |   url      = env("DATABASE_URL")
   | 

Validation Error Count: 1
    at <unknown> (-->  schema.prisma:11)
    at async h (.next/server/chunks/ssr/[root-of-the-server]__ec9df5af._.js:1:2698) {
  clientVersion: '5.16.0',
  errorCode: undefined,
  digest: '905238828'
}
Error: MISSING_MESSAGE: Footer.address (en)
    at j (.next/server/chunks/ssr/_f9f6f050._.js:3:6971) {
  code: 'MISSING_MESSAGE',
  originalMessage: 'Footer.address (en)'
}
Error: MISSING_MESSAGE: Footer.rightsReserved (en)
    at j (.next/server/chunks/ssr/_f9f6f050._.js:3:7725) {
  code: 'MISSING_MESSAGE',
  originalMessage: 'Footer.rightsReserved (en)'
}
⨯ Error [PrismaClientInitializationError]: 
Invalid `prisma.expertArticle.findMany()` invocation:


error: Environment variable not found: DATABASE_URL.
  -->  schema.prisma:11
   | 
10 |   provider = "mysql"
11 |   url      = env("DATABASE_URL")
   | 

Validation Error Count: 1
    at <unknown> (-->  schema.prisma:11)
    at async s.revalidate (.next/server/chunks/ssr/[root-of-the-server]__10693deb._.js:13:4259)
    at async o (.next/server/chunks/ssr/[root-of-the-server]__25d1c0d6._.js:1:5398) {
  clientVersion: '5.16.0',
  errorCode: undefined,
  digest: '1708858060'
}
Error: MISSING_MESSAGE: Footer.address (en)
    at j (.next/server/chunks/ssr/_f9f6f050._.js:3:6971) {
  code: 'MISSING_MESSAGE',
  originalMessage: 'Footer.address (en)'
}
Error: MISSING_MESSAGE: Footer.rightsReserved (en)
    at j (.next/server/chunks/ssr/_f9f6f050._.js:3:7725) {
  code: 'MISSING_MESSAGE',
  originalMessage: 'Footer.rightsReserved (en)'
}
Error [PrismaClientInitializationError]: 
Invalid `prisma.expertArticle.findMany()` invocation:


error: Environment variable not found: DATABASE_URL.
  -->  schema.prisma:11
   | 
10 |   provider = "mysql"
11 |   url      = env("DATABASE_URL")
   | 

Validation Error Count: 1
    at <unknown> (-->  schema.prisma:11)
    at async s.revalidate (.next/server/chunks/ssr/[root-of-the-server]__10693deb._.js:13:4259)
    at async o (.next/server/chunks/ssr/[root-of-the-server]__25d1c0d6._.js:1:5398) {
  clientVersion: '5.16.0',
  errorCode: undefined,
  digest: '1708858060'
}
⨯ Error [PrismaClientInitializationError]: 
Invalid `prisma.expertArticle.findMany()` invocation:


error: Environment variable not found: DATABASE_URL.
  -->  schema.prisma:11
   | 
10 |   provider = "mysql"
11 |   url      = env("DATABASE_URL")
   | 

Validation Error Count: 1
    at <unknown> (-->  schema.prisma:11)
    at async s.revalidate (.next/server/chunks/ssr/[root-of-the-server]__10693deb._.js:13:4259)
    at async o (.next/server/chunks/ssr/[root-of-the-server]__25d1c0d6._.js:1:5398) {
  clientVersion: '5.16.0',
  errorCode: undefined,
  digest: '1708858060'
}
⨯ Error [PrismaClientInitializationError]: 
Invalid `prisma.expertArticle.findMany()` invocation:


error: Environment variable not found: DATABASE_URL.
  -->  schema.prisma:11
   | 
10 |   provider = "mysql"
11 |   url      = env("DATABASE_URL")
   | 

Validation Error Count: 1
    at <unknown> (-->  schema.prisma:11)
    at async s.revalidate (.next/server/chunks/ssr/[root-of-the-server]__10693deb._.js:13:4259)
    at async o (.next/server/chunks/ssr/[root-of-the-server]__25d1c0d6._.js:1:5398) {
  clientVersion: '5.16.0',
  errorCode: undefined,
  digest: '1708858060'
}
⨯ Error [PrismaClientInitializationError]: 
Invalid `prisma.category.findUnique()` invocation:


error: Environment variable not found: DATABASE_URL.
  -->  schema.prisma:11
   | 
10 |   provider = "mysql"
11 |   url      = env("DATABASE_URL")
   | 

Validation Error Count: 1
    at <unknown> (-->  schema.prisma:11)
    at async h (.next/server/chunks/ssr/[root-of-the-server]__ec9df5af._.js:1:2698) {
  clientVersion: '5.16.0',
  errorCode: undefined,
  digest: '905238828'
}
Error [PrismaClientInitializationError]: 
Invalid `prisma.category.findUnique()` invocation:


error: Environment variable not found: DATABASE_URL.
  -->  schema.prisma:11
   | 
10 |   provider = "mysql"
11 |   url      = env("DATABASE_URL")
   | 

Validation Error Count: 1
    at <unknown> (-->  schema.prisma:11)
    at async h (.next/server/chunks/ssr/[root-of-the-server]__ec9df5af._.js:1:2698) {
  clientVersion: '5.16.0',
  errorCode: undefined,
  digest: '905238828'
}
⨯ Error [PrismaClientInitializationError]: 
Invalid `prisma.category.findUnique()` invocation:


error: Environment variable not found: DATABASE_URL.
  -->  schema.prisma:11
   | 
10 |   provider = "mysql"
11 |   url      = env("DATABASE_URL")
   | 

Validation Error Count: 1
    at <unknown> (-->  schema.prisma:11)
    at async h (.next/server/chunks/ssr/[root-of-the-server]__ec9df5af._.js:1:2698) {
  clientVersion: '5.16.0',
  errorCode: undefined,
  digest: '905238828'
}
⨯ Error [PrismaClientInitializationError]: 
Invalid `prisma.category.findUnique()` invocation:


error: Environment variable not found: DATABASE_URL.
  -->  schema.prisma:11
   | 
10 |   provider = "mysql"
11 |   url      = env("DATABASE_URL")
   | 

Validation Error Count: 1
    at <unknown> (-->  schema.prisma:11)
    at async h (.next/server/chunks/ssr/[root-of-the-server]__ec9df5af._.js:1:2698) {
  clientVersion: '5.16.0',
  errorCode: undefined,
  digest: '905238828'
}
Error: MISSING_MESSAGE: Footer.address (en)
    at j (.next/server/chunks/ssr/_f9f6f050._.js:3:6971) {
  code: 'MISSING_MESSAGE',
  originalMessage: 'Footer.address (en)'
}
Error: MISSING_MESSAGE: Footer.rightsReserved (en)
    at j (.next/server/chunks/ssr/_f9f6f050._.js:3:7725) {
  code: 'MISSING_MESSAGE',
  originalMessage: 'Footer.rightsReserved (en)'
}
Error: MISSING_MESSAGE: OptimumConditions (en)
    at <unknown> (.next/server/chunks/ssr/_03d8e486._.js:1:328)
    at <unknown> (.next/server/chunks/ssr/_03d8e486._.js:1:360)
    at <unknown> (.next/server/chunks/ssr/_03d8e486._.js:1:465)
    at <unknown> (.next/server/chunks/ssr/[root-of-the-server]__35851e98._.js:1:441)
    at async p (.next/server/chunks/ssr/[root-of-the-server]__7d0c8714._.js:1:4407) {
  code: 'MISSING_MESSAGE',
  originalMessage: 'OptimumConditions (en)'
}
Error: MISSING_MESSAGE: OptimumConditions (en)
    at <unknown> (.next/server/chunks/ssr/_03d8e486._.js:1:328)
    at <unknown> (.next/server/chunks/ssr/_03d8e486._.js:1:360)
    at <unknown> (.next/server/chunks/ssr/_03d8e486._.js:1:465)
    at <unknown> (.next/server/chunks/ssr/[root-of-the-server]__35851e98._.js:1:441)
    at async p (.next/server/chunks/ssr/[root-of-the-server]__7d0c8714._.js:1:4407) {
  code: 'MISSING_MESSAGE',
  originalMessage: 'OptimumConditions (en)'
}
Error: MISSING_MESSAGE: OptimumConditions (en)
    at <unknown> (.next/server/chunks/ssr/_03d8e486._.js:1:328)
    at <unknown> (.next/server/chunks/ssr/_03d8e486._.js:1:360)
    at <unknown> (.next/server/chunks/ssr/_03d8e486._.js:1:465)
    at <unknown> (.next/server/chunks/ssr/[root-of-the-server]__35851e98._.js:1:441)
    at async p (.next/server/chunks/ssr/[root-of-the-server]__7d0c8714._.js:1:4407) {
  code: 'MISSING_MESSAGE',
  originalMessage: 'OptimumConditions (en)'
}
Error: MISSING_MESSAGE: OptimumConditions (en)
    at <unknown> (.next/server/chunks/ssr/_03d8e486._.js:1:328)
    at <unknown> (.next/server/chunks/ssr/_03d8e486._.js:1:360)
    at <unknown> (.next/server/chunks/ssr/_03d8e486._.js:1:465)
    at <unknown> (.next/server/chunks/ssr/[root-of-the-server]__35851e98._.js:1:441)
    at async p (.next/server/chunks/ssr/[root-of-the-server]__7d0c8714._.js:1:4407) {
  code: 'MISSING_MESSAGE',
  originalMessage: 'OptimumConditions (en)'
}
Error: MISSING_MESSAGE: OptimumConditions (en)
    at <unknown> (.next/server/chunks/ssr/_03d8e486._.js:1:328)
    at <unknown> (.next/server/chunks/ssr/_03d8e486._.js:1:360)
    at <unknown> (.next/server/chunks/ssr/_03d8e486._.js:1:465)
    at <unknown> (.next/server/chunks/ssr/[root-of-the-server]__35851e98._.js:1:441)
    at async p (.next/server/chunks/ssr/[root-of-the-server]__7d0c8714._.js:1:4407) {
  code: 'MISSING_MESSAGE',
  originalMessage: 'OptimumConditions (en)'
}
Error: MISSING_MESSAGE: OptimumConditions (en)
    at <unknown> (.next/server/chunks/ssr/_03d8e486._.js:1:328)
    at <unknown> (.next/server/chunks/ssr/_03d8e486._.js:1:360)
    at <unknown> (.next/server/chunks/ssr/_03d8e486._.js:1:465)
    at <unknown> (.next/server/chunks/ssr/[root-of-the-server]__35851e98._.js:1:441)
    at async p (.next/server/chunks/ssr/[root-of-the-server]__7d0c8714._.js:1:4407) {
  code: 'MISSING_MESSAGE',
  originalMessage: 'OptimumConditions (en)'
}
Error: MISSING_MESSAGE: OptimumConditions (en)
    at <unknown> (.next/server/chunks/ssr/_03d8e486._.js:1:328)
    at <unknown> (.next/server/chunks/ssr/_03d8e486._.js:1:360)
    at <unknown> (.next/server/chunks/ssr/_03d8e486._.js:1:465)
    at <unknown> (.next/server/chunks/ssr/[root-of-the-server]__35851e98._.js:1:441)
    at async p (.next/server/chunks/ssr/[root-of-the-server]__7d0c8714._.js:1:4407) {
  code: 'MISSING_MESSAGE',
  originalMessage: 'OptimumConditions (en)'
}
Error: MISSING_MESSAGE: OptimumConditions (en)
    at <unknown> (.next/server/chunks/ssr/_03d8e486._.js:1:328)
    at <unknown> (.next/server/chunks/ssr/_03d8e486._.js:1:360)
    at <unknown> (.next/server/chunks/ssr/_03d8e486._.js:1:465)
    at <unknown> (.next/server/chunks/ssr/[root-of-the-server]__35851e98._.js:1:441)
    at async p (.next/server/chunks/ssr/[root-of-the-server]__7d0c8714._.js:1:4407) {
  code: 'MISSING_MESSAGE',
  originalMessage: 'OptimumConditions (en)'
}
Error: MISSING_MESSAGE: OptimumConditions (en)
    at <unknown> (.next/server/chunks/ssr/_03d8e486._.js:1:328)
    at <unknown> (.next/server/chunks/ssr/_03d8e486._.js:1:360)
    at <unknown> (.next/server/chunks/ssr/_03d8e486._.js:1:465)
    at <unknown> (.next/server/chunks/ssr/[root-of-the-server]__35851e98._.js:1:441)
    at async p (.next/server/chunks/ssr/[root-of-the-server]__7d0c8714._.js:1:4407) {
  code: 'MISSING_MESSAGE',
  originalMessage: 'OptimumConditions (en)'
}
Error: MISSING_MESSAGE: OptimumConditions (en)
    at <unknown> (.next/server/chunks/ssr/_03d8e486._.js:1:328)
    at <unknown> (.next/server/chunks/ssr/_03d8e486._.js:1:360)
    at <unknown> (.next/server/chunks/ssr/_03d8e486._.js:1:465)
    at <unknown> (.next/server/chunks/ssr/[root-of-the-server]__35851e98._.js:1:441)
    at async p (.next/server/chunks/ssr/[root-of-the-server]__7d0c8714._.js:1:4407) {
  code: 'MISSING_MESSAGE',
  originalMessage: 'OptimumConditions (en)'
}
Error: MISSING_MESSAGE: OptimumConditions (en)
    at <unknown> (.next/server/chunks/ssr/_03d8e486._.js:1:328)
    at <unknown> (.next/server/chunks/ssr/_03d8e486._.js:1:360)
    at <unknown> (.next/server/chunks/ssr/_03d8e486._.js:1:465)
    at <unknown> (.next/server/chunks/ssr/[root-of-the-server]__35851e98._.js:1:441)
    at async p (.next/server/chunks/ssr/[root-of-the-server]__7d0c8714._.js:1:4407) {
  code: 'MISSING_MESSAGE',
  originalMessage: 'OptimumConditions (en)'
}
Error: MISSING_MESSAGE: OptimumConditions (en)
    at <unknown> (.next/server/chunks/ssr/_03d8e486._.js:1:328)
    at <unknown> (.next/server/chunks/ssr/_03d8e486._.js:1:360)
    at <unknown> (.next/server/chunks/ssr/_03d8e486._.js:1:465)
    at <unknown> (.next/server/chunks/ssr/[root-of-the-server]__35851e98._.js:1:441)
    at async p (.next/server/chunks/ssr/[root-of-the-server]__7d0c8714._.js:1:4407) {
  code: 'MISSING_MESSAGE',
  originalMessage: 'OptimumConditions (en)'
}
Error: MISSING_MESSAGE: OptimumConditions (en)
    at <unknown> (.next/server/chunks/ssr/_03d8e486._.js:1:328)
    at <unknown> (.next/server/chunks/ssr/_03d8e486._.js:1:360)
    at <unknown> (.next/server/chunks/ssr/_03d8e486._.js:1:465)
    at <unknown> (.next/server/chunks/ssr/[root-of-the-server]__35851e98._.js:1:441)
    at async p (.next/server/chunks/ssr/[root-of-the-server]__7d0c8714._.js:1:4407) {
  code: 'MISSING_MESSAGE',
  originalMessage: 'OptimumConditions (en)'
}
Error: MISSING_MESSAGE: OptimumConditions (en)
    at <unknown> (.next/server/chunks/ssr/_03d8e486._.js:1:328)
    at <unknown> (.next/server/chunks/ssr/_03d8e486._.js:1:360)
    at <unknown> (.next/server/chunks/ssr/_03d8e486._.js:1:465)
    at <unknown> (.next/server/chunks/ssr/[root-of-the-server]__35851e98._.js:1:441)
    at async p (.next/server/chunks/ssr/[root-of-the-server]__7d0c8714._.js:1:4407) {
  code: 'MISSING_MESSAGE',
  originalMessage: 'OptimumConditions (en)'
}
Error: MISSING_MESSAGE: OptimumConditions (en)
    at <unknown> (.next/server/chunks/ssr/_03d8e486._.js:1:328)
    at <unknown> (.next/server/chunks/ssr/_03d8e486._.js:1:360)
    at <unknown> (.next/server/chunks/ssr/_03d8e486._.js:1:465)
    at <unknown> (.next/server/chunks/ssr/[root-of-the-server]__35851e98._.js:1:441)
    at async p (.next/server/chunks/ssr/[root-of-the-server]__7d0c8714._.js:1:4407) {
  code: 'MISSING_MESSAGE',
  originalMessage: 'OptimumConditions (en)'
}
Error: MISSING_MESSAGE: OptimumConditions (en)
    at <unknown> (.next/server/chunks/ssr/_03d8e486._.js:1:328)
    at <unknown> (.next/server/chunks/ssr/_03d8e486._.js:1:360)
    at <unknown> (.next/server/chunks/ssr/_03d8e486._.js:1:465)
    at <unknown> (.next/server/chunks/ssr/[root-of-the-server]__35851e98._.js:1:441)
    at async p (.next/server/chunks/ssr/[root-of-the-server]__7d0c8714._.js:1:4407) {
  code: 'MISSING_MESSAGE',
  originalMessage: 'OptimumConditions (en)'
}
Error: MISSING_MESSAGE: OptimumConditions (en)
    at <unknown> (.next/server/chunks/ssr/_03d8e486._.js:1:328)
    at <unknown> (.next/server/chunks/ssr/_03d8e486._.js:1:360)
    at <unknown> (.next/server/chunks/ssr/_03d8e486._.js:1:465)
    at <unknown> (.next/server/chunks/ssr/[root-of-the-server]__35851e98._.js:1:441)
    at async p (.next/server/chunks/ssr/[root-of-the-server]__7d0c8714._.js:1:4407) {
  code: 'MISSING_MESSAGE',
  originalMessage: 'OptimumConditions (en)'
}
Error: MISSING_MESSAGE: OptimumConditions (en)
    at <unknown> (.next/server/chunks/ssr/_03d8e486._.js:1:328)
    at <unknown> (.next/server/chunks/ssr/_03d8e486._.js:1:360)
    at <unknown> (.next/server/chunks/ssr/_03d8e486._.js:1:465)
    at <unknown> (.next/server/chunks/ssr/[root-of-the-server]__35851e98._.js:1:441)
    at async p (.next/server/chunks/ssr/[root-of-the-server]__7d0c8714._.js:1:4407) {
  code: 'MISSING_MESSAGE',
  originalMessage: 'OptimumConditions (en)'
}
Error: MISSING_MESSAGE: OptimumConditions (en)
    at <unknown> (.next/server/chunks/ssr/_03d8e486._.js:1:328)
    at <unknown> (.next/server/chunks/ssr/_03d8e486._.js:1:360)
    at <unknown> (.next/server/chunks/ssr/_03d8e486._.js:1:465)
    at <unknown> (.next/server/chunks/ssr/[root-of-the-server]__35851e98._.js:1:441)
    at async p (.next/server/chunks/ssr/[root-of-the-server]__7d0c8714._.js:1:4407) {
  code: 'MISSING_MESSAGE',
  originalMessage: 'OptimumConditions (en)'
}
Error: MISSING_MESSAGE: OptimumConditions (en)
    at <unknown> (.next/server/chunks/ssr/_03d8e486._.js:1:328)
    at <unknown> (.next/server/chunks/ssr/_03d8e486._.js:1:360)
    at <unknown> (.next/server/chunks/ssr/_03d8e486._.js:1:465)
    at <unknown> (.next/server/chunks/ssr/[root-of-the-server]__35851e98._.js:1:441)
    at async p (.next/server/chunks/ssr/[root-of-the-server]__7d0c8714._.js:1:4407) {
  code: 'MISSING_MESSAGE',
  originalMessage: 'OptimumConditions (en)'
}
Error: MISSING_MESSAGE: OptimumConditions (en)
    at <unknown> (.next/server/chunks/ssr/_03d8e486._.js:1:328)
    at <unknown> (.next/server/chunks/ssr/_03d8e486._.js:1:360)
    at <unknown> (.next/server/chunks/ssr/_03d8e486._.js:1:465)
    at <unknown> (.next/server/chunks/ssr/[root-of-the-server]__35851e98._.js:1:441)
    at async p (.next/server/chunks/ssr/[root-of-the-server]__7d0c8714._.js:1:4407) {
  code: 'MISSING_MESSAGE',
  originalMessage: 'OptimumConditions (en)'
}
Error: MISSING_MESSAGE: OptimumConditions (en)
    at <unknown> (.next/server/chunks/ssr/_03d8e486._.js:1:328)
    at <unknown> (.next/server/chunks/ssr/_03d8e486._.js:1:360)
    at <unknown> (.next/server/chunks/ssr/_03d8e486._.js:1:465)
    at <unknown> (.next/server/chunks/ssr/[root-of-the-server]__35851e98._.js:1:441)
    at async p (.next/server/chunks/ssr/[root-of-the-server]__7d0c8714._.js:1:4407) {
  code: 'MISSING_MESSAGE',
  originalMessage: 'OptimumConditions (en)'
}
Error: MISSING_MESSAGE: OptimumConditions (en)
    at <unknown> (.next/server/chunks/ssr/_03d8e486._.js:1:328)
    at <unknown> (.next/server/chunks/ssr/_03d8e486._.js:1:360)
    at <unknown> (.next/server/chunks/ssr/_03d8e486._.js:1:465)
    at <unknown> (.next/server/chunks/ssr/[root-of-the-server]__35851e98._.js:1:441)
    at async p (.next/server/chunks/ssr/[root-of-the-server]__7d0c8714._.js:1:4407) {
  code: 'MISSING_MESSAGE',
  originalMessage: 'OptimumConditions (en)'
}
Error: MISSING_MESSAGE: Footer.address (en)
    at j (.next/server/chunks/ssr/_f9f6f050._.js:3:6971) {
  code: 'MISSING_MESSAGE',
  originalMessage: 'Footer.address (en)'
}
Error: MISSING_MESSAGE: Footer.rightsReserved (en)
    at j (.next/server/chunks/ssr/_f9f6f050._.js:3:7725) {
  code: 'MISSING_MESSAGE',
  originalMessage: 'Footer.rightsReserved (en)'
}
Error: MISSING_MESSAGE: Blog (en)
    at <unknown> (.next/server/chunks/ssr/_03d8e486._.js:1:328)
    at <unknown> (.next/server/chunks/ssr/_03d8e486._.js:1:360)
    at <unknown> (.next/server/chunks/ssr/_03d8e486._.js:1:465)
    at <unknown> (.next/server/chunks/ssr/[root-of-the-server]__35851e98._.js:1:441)
    at async g (.next/server/chunks/ssr/[root-of-the-server]__6e02be8c._.js:1:995) {
  code: 'MISSING_MESSAGE',
  originalMessage: 'Blog (en)'
}
Error: MISSING_MESSAGE: Footer.address (en)
    at j (.next/server/chunks/ssr/_f9f6f050._.js:3:6971) {
  code: 'MISSING_MESSAGE',
  originalMessage: 'Footer.address (en)'
}
Error: MISSING_MESSAGE: Footer.rightsReserved (en)
    at j (.next/server/chunks/ssr/_f9f6f050._.js:3:7725) {
  code: 'MISSING_MESSAGE',
  originalMessage: 'Footer.rightsReserved (en)'
}
Error: MISSING_MESSAGE: Footer.address (en)
    at j (.next/server/chunks/ssr/_f9f6f050._.js:3:6971) {
  code: 'MISSING_MESSAGE',
  originalMessage: 'Footer.address (en)'
}
Error: MISSING_MESSAGE: Footer.rightsReserved (en)
    at j (.next/server/chunks/ssr/_f9f6f050._.js:3:7725) {
  code: 'MISSING_MESSAGE',
  originalMessage: 'Footer.rightsReserved (en)'
}
Error: MISSING_MESSAGE: Blog (en)
    at <unknown> (.next/server/chunks/ssr/_03d8e486._.js:1:328)
    at <unknown> (.next/server/chunks/ssr/_03d8e486._.js:1:360)
    at <unknown> (.next/server/chunks/ssr/_03d8e486._.js:1:465)
    at <unknown> (.next/server/chunks/ssr/[root-of-the-server]__35851e98._.js:1:441)
    at async g (.next/server/chunks/ssr/[root-of-the-server]__6e02be8c._.js:1:995) {
  code: 'MISSING_MESSAGE',
  originalMessage: 'Blog (en)'
}
Error: MISSING_MESSAGE: Blog (en)
    at <unknown> (.next/server/chunks/ssr/_03d8e486._.js:1:328)
    at <unknown> (.next/server/chunks/ssr/_03d8e486._.js:1:360)
    at <unknown> (.next/server/chunks/ssr/_03d8e486._.js:1:465)
    at <unknown> (.next/server/chunks/ssr/[root-of-the-server]__35851e98._.js:1:441)
    at async g (.next/server/chunks/ssr/[root-of-the-server]__6e02be8c._.js:1:995) {
  code: 'MISSING_MESSAGE',
  originalMessage: 'Blog (en)'
}
⨯ Error [PrismaClientInitializationError]: 
Invalid `prisma.category.findUnique()` invocation:


error: Environment variable not found: DATABASE_URL.
  -->  schema.prisma:11
   | 
10 |   provider = "mysql"
11 |   url      = env("DATABASE_URL")
   | 

Validation Error Count: 1
    at <unknown> (-->  schema.prisma:11)
    at async h (.next/server/chunks/ssr/[root-of-the-server]__ec9df5af._.js:1:2698) {
  clientVersion: '5.16.0',
  errorCode: undefined,
  digest: '905238828'
}
⨯ Error [PrismaClientInitializationError]: 
Invalid `prisma.catalog.findMany()` invocation:


error: Environment variable not found: DATABASE_URL.
  -->  schema.prisma:11
   | 
10 |   provider = "mysql"
11 |   url      = env("DATABASE_URL")
   | 

Validation Error Count: 1
    at <unknown> (-->  schema.prisma:11)
    at async j (.next/server/chunks/ssr/[root-of-the-server]__63736f44._.js:1:3080) {
  clientVersion: '5.16.0',
  errorCode: undefined,
  digest: '2514970526'
}
⨯ TypeError: i.map is not a function
    at g (.next/server/chunks/ssr/[root-of-the-server]__6e02be8c._.js:1:3026) {
  digest: '2013957888'
}
Error: MISSING_MESSAGE: Footer.address (en)
    at j (.next/server/chunks/ssr/_f9f6f050._.js:3:6971) {
  code: 'MISSING_MESSAGE',
  originalMessage: 'Footer.address (en)'
}
Error: MISSING_MESSAGE: Footer.rightsReserved (en)
    at j (.next/server/chunks/ssr/_f9f6f050._.js:3:7725) {
  code: 'MISSING_MESSAGE',
  originalMessage: 'Footer.rightsReserved (en)'
}
Error [PrismaClientInitializationError]: 
Invalid `prisma.category.findUnique()` invocation:


error: Environment variable not found: DATABASE_URL.
  -->  schema.prisma:11
   | 
10 |   provider = "mysql"
11 |   url      = env("DATABASE_URL")
   | 

Validation Error Count: 1
    at <unknown> (-->  schema.prisma:11)
    at async h (.next/server/chunks/ssr/[root-of-the-server]__ec9df5af._.js:1:2698) {
  clientVersion: '5.16.0',
  errorCode: undefined,
  digest: '905238828'
}
⨯ Error [PrismaClientInitializationError]: 
Invalid `prisma.category.findUnique()` invocation:


error: Environment variable not found: DATABASE_URL.
  -->  schema.prisma:11
   | 
10 |   provider = "mysql"
11 |   url      = env("DATABASE_URL")
   | 

Validation Error Count: 1
    at <unknown> (-->  schema.prisma:11)
    at async h (.next/server/chunks/ssr/[root-of-the-server]__ec9df5af._.js:1:2698) {
  clientVersion: '5.16.0',
  errorCode: undefined,
  digest: '905238828'
}
⨯ Error [PrismaClientInitializationError]: 
Invalid `prisma.category.findUnique()` invocation:


error: Environment variable not found: DATABASE_URL.
  -->  schema.prisma:11
   | 
10 |   provider = "mysql"
11 |   url      = env("DATABASE_URL")
   | 

Validation Error Count: 1
    at <unknown> (-->  schema.prisma:11)
    at async h (.next/server/chunks/ssr/[root-of-the-server]__ec9df5af._.js:1:2698) {
  clientVersion: '5.16.0',
  errorCode: undefined,
  digest: '905238828'
}
Error [PrismaClientInitializationError]: 
Invalid `prisma.catalog.findMany()` invocation:


error: Environment variable not found: DATABASE_URL.
  -->  schema.prisma:11
   | 
10 |   provider = "mysql"
11 |   url      = env("DATABASE_URL")
   | 

Validation Error Count: 1
    at <unknown> (-->  schema.prisma:11)
    at async j (.next/server/chunks/ssr/[root-of-the-server]__63736f44._.js:1:3080) {
  clientVersion: '5.16.0',
  errorCode: undefined,
  digest: '2514970526'
}
⨯ Error [PrismaClientInitializationError]: 
Invalid `prisma.catalog.findMany()` invocation:


error: Environment variable not found: DATABASE_URL.
  -->  schema.prisma:11
   | 
10 |   provider = "mysql"
11 |   url      = env("DATABASE_URL")
   | 

Validation Error Count: 1
    at <unknown> (-->  schema.prisma:11)
    at async j (.next/server/chunks/ssr/[root-of-the-server]__63736f44._.js:1:3080) {
  clientVersion: '5.16.0',
  errorCode: undefined,
  digest: '2514970526'
}
⨯ Error [PrismaClientInitializationError]: 
Invalid `prisma.catalog.findMany()` invocation:


error: Environment variable not found: DATABASE_URL.
  -->  schema.prisma:11
   | 
10 |   provider = "mysql"
11 |   url      = env("DATABASE_URL")
   | 

Validation Error Count: 1
    at <unknown> (-->  schema.prisma:11)
    at async j (.next/server/chunks/ssr/[root-of-the-server]__63736f44._.js:1:3080) {
  clientVersion: '5.16.0',
  errorCode: undefined,
  digest: '2514970526'
}
TypeError: i.map is not a function
    at g (.next/server/chunks/ssr/[root-of-the-server]__6e02be8c._.js:1:3026) {
  digest: '2013957888'
}
⨯ TypeError: i.map is not a function
    at g (.next/server/chunks/ssr/[root-of-the-server]__6e02be8c._.js:1:3026) {
  digest: '2013957888'
}
⨯ TypeError: i.map is not a function
    at g (.next/server/chunks/ssr/[root-of-the-server]__6e02be8c._.js:1:3026) {
  digest: '2013957888'
}
⨯ Error [PrismaClientInitializationError]: 
Invalid `prisma.category.findUnique()` invocation:


error: Environment variable not found: DATABASE_URL.
  -->  schema.prisma:11
   | 
10 |   provider = "mysql"
11 |   url      = env("DATABASE_URL")
   | 

Validation Error Count: 1
    at <unknown> (-->  schema.prisma:11)
    at async h (.next/server/chunks/ssr/[root-of-the-server]__ec9df5af._.js:1:2698) {
  clientVersion: '5.16.0',
  errorCode: undefined,
  digest: '905238828'
}
Error [PrismaClientInitializationError]: 
Invalid `prisma.category.findUnique()` invocation:


error: Environment variable not found: DATABASE_URL.
  -->  schema.prisma:11
   | 
10 |   provider = "mysql"
11 |   url      = env("DATABASE_URL")
   | 

Validation Error Count: 1
    at <unknown> (-->  schema.prisma:11)
    at async h (.next/server/chunks/ssr/[root-of-the-server]__ec9df5af._.js:1:2698) {
  clientVersion: '5.16.0',
  errorCode: undefined,
  digest: '905238828'
}
⨯ Error [PrismaClientInitializationError]: 
Invalid `prisma.category.findUnique()` invocation:


error: Environment variable not found: DATABASE_URL.
  -->  schema.prisma:11
   | 
10 |   provider = "mysql"
11 |   url      = env("DATABASE_URL")
   | 

Validation Error Count: 1
    at <unknown> (-->  schema.prisma:11)
    at async h (.next/server/chunks/ssr/[root-of-the-server]__ec9df5af._.js:1:2698) {
  clientVersion: '5.16.0',
  errorCode: undefined,
  digest: '905238828'
}
⨯ Error [PrismaClientInitializationError]: 
Invalid `prisma.category.findUnique()` invocation:


error: Environment variable not found: DATABASE_URL.
  -->  schema.prisma:11
   | 
10 |   provider = "mysql"
11 |   url      = env("DATABASE_URL")
   | 

Validation Error Count: 1
    at <unknown> (-->  schema.prisma:11)
    at async h (.next/server/chunks/ssr/[root-of-the-server]__ec9df5af._.js:1:2698) {
  clientVersion: '5.16.0',
  errorCode: undefined,
  digest: '905238828'
}
Error: MISSING_MESSAGE: Footer.address (en)
    at j (.next/server/chunks/ssr/_f9f6f050._.js:3:6971) {
  code: 'MISSING_MESSAGE',
  originalMessage: 'Footer.address (en)'
}
Error: MISSING_MESSAGE: Footer.rightsReserved (en)
    at j (.next/server/chunks/ssr/_f9f6f050._.js:3:7725) {
  code: 'MISSING_MESSAGE',
  originalMessage: 'Footer.rightsReserved (en)'
}
Error: MISSING_MESSAGE: About (en)
    at <unknown> (.next/server/chunks/ssr/_03d8e486._.js:1:328)
    at <unknown> (.next/server/chunks/ssr/_03d8e486._.js:1:360)
    at <unknown> (.next/server/chunks/ssr/_03d8e486._.js:1:465)
    at <unknown> (.next/server/chunks/ssr/[root-of-the-server]__35851e98._.js:1:441)
    at async g (.next/server/chunks/ssr/[root-of-the-server]__35851e98._.js:1:1168) {
  code: 'MISSING_MESSAGE',
  originalMessage: 'About (en)'
}
Error: MISSING_MESSAGE: About (en)
    at <unknown> (.next/server/chunks/ssr/_03d8e486._.js:1:328)
    at <unknown> (.next/server/chunks/ssr/_03d8e486._.js:1:360)
    at <unknown> (.next/server/chunks/ssr/_03d8e486._.js:1:465)
    at <unknown> (.next/server/chunks/ssr/[root-of-the-server]__35851e98._.js:1:441)
    at async g (.next/server/chunks/ssr/[root-of-the-server]__35851e98._.js:1:1168) {
  code: 'MISSING_MESSAGE',
  originalMessage: 'About (en)'
}
Error: MISSING_MESSAGE: Footer.address (en)
    at j (.next/server/chunks/ssr/_f9f6f050._.js:3:6971) {
  code: 'MISSING_MESSAGE',
  originalMessage: 'Footer.address (en)'
}
Error: MISSING_MESSAGE: Footer.rightsReserved (en)
    at j (.next/server/chunks/ssr/_f9f6f050._.js:3:7725) {
  code: 'MISSING_MESSAGE',
  originalMessage: 'Footer.rightsReserved (en)'
}
⨯ Error [PrismaClientInitializationError]: 
Invalid `prisma.award.findMany()` invocation:


error: Environment variable not found: DATABASE_URL.
  -->  schema.prisma:11
   | 
10 |   provider = "mysql"
11 |   url      = env("DATABASE_URL")
   | 

Validation Error Count: 1
    at <unknown> (-->  schema.prisma:11)
    at async g (.next/server/chunks/ssr/[root-of-the-server]__35851e98._.js:1:1239) {
  clientVersion: '5.16.0',
  errorCode: undefined,
  digest: '2574933502'
}
Error: MISSING_MESSAGE: About (en)
    at <unknown> (.next/server/chunks/ssr/_03d8e486._.js:1:328)
    at <unknown> (.next/server/chunks/ssr/_03d8e486._.js:1:360)
    at <unknown> (.next/server/chunks/ssr/_03d8e486._.js:1:465)
    at <unknown> (.next/server/chunks/ssr/[root-of-the-server]__35851e98._.js:1:441)
    at async Module.f (.next/server/chunks/ssr/[root-of-the-server]__35851e98._.js:1:982) {
  code: 'MISSING_MESSAGE',
  originalMessage: 'About (en)'
}
Error: MISSING_MESSAGE: About (en)
    at <unknown> (.next/server/chunks/ssr/_03d8e486._.js:1:328)
    at <unknown> (.next/server/chunks/ssr/_03d8e486._.js:1:360)
    at <unknown> (.next/server/chunks/ssr/_03d8e486._.js:1:465)
    at <unknown> (.next/server/chunks/ssr/[root-of-the-server]__35851e98._.js:1:441)
    at async Module.f (.next/server/chunks/ssr/[root-of-the-server]__35851e98._.js:1:982) {
  code: 'MISSING_MESSAGE',
  originalMessage: 'About (en)'
}
Error [PrismaClientInitializationError]: 
Invalid `prisma.award.findMany()` invocation:


error: Environment variable not found: DATABASE_URL.
  -->  schema.prisma:11
   | 
10 |   provider = "mysql"
11 |   url      = env("DATABASE_URL")
   | 

Validation Error Count: 1
    at <unknown> (-->  schema.prisma:11)
    at async g (.next/server/chunks/ssr/[root-of-the-server]__35851e98._.js:1:1239) {
  clientVersion: '5.16.0',
  errorCode: undefined,
  digest: '2574933502'
}
⨯ Error [PrismaClientInitializationError]: 
Invalid `prisma.award.findMany()` invocation:


error: Environment variable not found: DATABASE_URL.
  -->  schema.prisma:11
   | 
10 |   provider = "mysql"
11 |   url      = env("DATABASE_URL")
   | 

Validation Error Count: 1
    at <unknown> (-->  schema.prisma:11)
    at async g (.next/server/chunks/ssr/[root-of-the-server]__35851e98._.js:1:1239) {
  clientVersion: '5.16.0',
  errorCode: undefined,
  digest: '2574933502'
}
⨯ Error [PrismaClientInitializationError]: 
Invalid `prisma.award.findMany()` invocation:


error: Environment variable not found: DATABASE_URL.
  -->  schema.prisma:11
   | 
10 |   provider = "mysql"
11 |   url      = env("DATABASE_URL")
   | 

Validation Error Count: 1
    at <unknown> (-->  schema.prisma:11)
    at async g (.next/server/chunks/ssr/[root-of-the-server]__35851e98._.js:1:1239) {
  clientVersion: '5.16.0',
  errorCode: undefined,
  digest: '2574933502'
}
⨯ Error: Failed to fetch company data
    at g (.next/server/chunks/ssr/[root-of-the-server]__a4c5db24._.js:13:792)
    at async g (.next/server/chunks/ssr/[root-of-the-server]__3af471d7._.js:1:1911) {
  digest: '2697648912'
}
Error: MISSING_MESSAGE: Footer.address (en)
    at j (.next/server/chunks/ssr/_f9f6f050._.js:3:6971) {
  code: 'MISSING_MESSAGE',
  originalMessage: 'Footer.address (en)'
}
Error: MISSING_MESSAGE: Footer.rightsReserved (en)
    at j (.next/server/chunks/ssr/_f9f6f050._.js:3:7725) {
  code: 'MISSING_MESSAGE',
  originalMessage: 'Footer.rightsReserved (en)'
}
Error: MISSING_MESSAGE: ProductionPlants (en)
    at <unknown> (.next/server/chunks/ssr/_03d8e486._.js:1:328)
    at <unknown> (.next/server/chunks/ssr/_03d8e486._.js:1:360)
    at <unknown> (.next/server/chunks/ssr/_03d8e486._.js:1:465)
    at <unknown> (.next/server/chunks/ssr/[root-of-the-server]__35851e98._.js:1:441)
    at async Module.c (.next/server/chunks/ssr/_8a88276c._.js:1:361) {
  code: 'MISSING_MESSAGE',
  originalMessage: 'ProductionPlants (en)'
}
Error: MISSING_MESSAGE: ProductionPlants (en)
    at <unknown> (.next/server/chunks/ssr/_03d8e486._.js:1:328)
    at <unknown> (.next/server/chunks/ssr/_03d8e486._.js:1:360)
    at <unknown> (.next/server/chunks/ssr/_03d8e486._.js:1:465)
    at <unknown> (.next/server/chunks/ssr/[root-of-the-server]__35851e98._.js:1:441)
    at async Module.c (.next/server/chunks/ssr/_8a88276c._.js:1:361) {
  code: 'MISSING_MESSAGE',
  originalMessage: 'ProductionPlants (en)'
}
Error: MISSING_MESSAGE: ProductionPlants (en)
    at <unknown> (.next/server/chunks/ssr/[root-of-the-server]__d9de7955._.js:1:10706)
    at g (.next/server/chunks/ssr/src_app_[locale]_(public)_about_production-plants_page_tsx_02953357._.js:1:149) {
  code: 'MISSING_MESSAGE',
  originalMessage: 'ProductionPlants (en)'
}
Error: MISSING_MESSAGE: ProductionPlants (en)
    at <unknown> (.next/server/chunks/ssr/[root-of-the-server]__d9de7955._.js:1:10706)
    at g (.next/server/chunks/ssr/src_app_[locale]_(public)_about_production-plants_page_tsx_02953357._.js:1:149) {
  code: 'MISSING_MESSAGE',
  originalMessage: 'ProductionPlants (en)'
}
Error: MISSING_MESSAGE: ProductionPlants (en)
    at <unknown> (.next/server/chunks/ssr/[root-of-the-server]__d9de7955._.js:1:10706)
    at g (.next/server/chunks/ssr/src_app_[locale]_(public)_about_production-plants_page_tsx_02953357._.js:1:149) {
  code: 'MISSING_MESSAGE',
  originalMessage: 'ProductionPlants (en)'
}
Error: MISSING_MESSAGE: ProductionPlants (en)
    at <unknown> (.next/server/chunks/ssr/[root-of-the-server]__d9de7955._.js:1:10706)
    at g (.next/server/chunks/ssr/src_app_[locale]_(public)_about_production-plants_page_tsx_02953357._.js:1:149) {
  code: 'MISSING_MESSAGE',
  originalMessage: 'ProductionPlants (en)'
}
Error: MISSING_MESSAGE: ProductionPlants (en)
    at <unknown> (.next/server/chunks/ssr/[root-of-the-server]__d9de7955._.js:1:10706)
    at g (.next/server/chunks/ssr/src_app_[locale]_(public)_about_production-plants_page_tsx_02953357._.js:1:149) {
  code: 'MISSING_MESSAGE',
  originalMessage: 'ProductionPlants (en)'
}
Error: MISSING_MESSAGE: ProductionPlants (en)
    at <unknown> (.next/server/chunks/ssr/[root-of-the-server]__d9de7955._.js:1:10706)
    at g (.next/server/chunks/ssr/src_app_[locale]_(public)_about_production-plants_page_tsx_02953357._.js:1:149) {
  code: 'MISSING_MESSAGE',
  originalMessage: 'ProductionPlants (en)'
}
Error: MISSING_MESSAGE: ProductionPlants (en)
    at <unknown> (.next/server/chunks/ssr/[root-of-the-server]__d9de7955._.js:1:10706)
    at g (.next/server/chunks/ssr/src_app_[locale]_(public)_about_production-plants_page_tsx_02953357._.js:1:149) {
  code: 'MISSING_MESSAGE',
  originalMessage: 'ProductionPlants (en)'
}
Error: MISSING_MESSAGE: ProductionPlants (en)
    at <unknown> (.next/server/chunks/ssr/[root-of-the-server]__d9de7955._.js:1:10706)
    at g (.next/server/chunks/ssr/src_app_[locale]_(public)_about_production-plants_page_tsx_02953357._.js:1:149) {
  code: 'MISSING_MESSAGE',
  originalMessage: 'ProductionPlants (en)'
}
Error: MISSING_MESSAGE: ProductionPlants (en)
    at <unknown> (.next/server/chunks/ssr/[root-of-the-server]__d9de7955._.js:1:10706)
    at g (.next/server/chunks/ssr/src_app_[locale]_(public)_about_production-plants_page_tsx_02953357._.js:1:149) {
  code: 'MISSING_MESSAGE',
  originalMessage: 'ProductionPlants (en)'
}
⨯ TypeError: h.map is not a function
    at g (.next/server/chunks/ssr/src_app_[locale]_(public)_about_production-plants_page_tsx_02953357._.js:1:1836) {
  digest: '59952949'
}
Error: MISSING_MESSAGE: ProductionPlants (en)
    at <unknown> (.next/server/chunks/ssr/_03d8e486._.js:1:328)
    at <unknown> (.next/server/chunks/ssr/_03d8e486._.js:1:360)
    at <unknown> (.next/server/chunks/ssr/_03d8e486._.js:1:465)
    at <unknown> (.next/server/chunks/ssr/[root-of-the-server]__35851e98._.js:1:441)
    at async Module.c (.next/server/chunks/ssr/_8a88276c._.js:1:361) {
  code: 'MISSING_MESSAGE',
  originalMessage: 'ProductionPlants (en)'
}
Error: MISSING_MESSAGE: ProductionPlants (en)
    at <unknown> (.next/server/chunks/ssr/_03d8e486._.js:1:328)
    at <unknown> (.next/server/chunks/ssr/_03d8e486._.js:1:360)
    at <unknown> (.next/server/chunks/ssr/_03d8e486._.js:1:465)
    at <unknown> (.next/server/chunks/ssr/[root-of-the-server]__35851e98._.js:1:441)
    at async Module.c (.next/server/chunks/ssr/_8a88276c._.js:1:361) {
  code: 'MISSING_MESSAGE',
  originalMessage: 'ProductionPlants (en)'
}
Error: Failed to fetch company data
    at g (.next/server/chunks/ssr/[root-of-the-server]__a4c5db24._.js:13:792)
    at async g (.next/server/chunks/ssr/[root-of-the-server]__3af471d7._.js:1:1911) {
  digest: '2697648912'
}
⨯ Error: Failed to fetch company data
    at g (.next/server/chunks/ssr/[root-of-the-server]__a4c5db24._.js:13:792)
    at async g (.next/server/chunks/ssr/[root-of-the-server]__3af471d7._.js:1:1911) {
  digest: '2697648912'
}
⨯ Error: Failed to fetch company data
    at g (.next/server/chunks/ssr/[root-of-the-server]__a4c5db24._.js:13:792)
    at async g (.next/server/chunks/ssr/[root-of-the-server]__3af471d7._.js:1:1911) {
  digest: '2697648912'
}
Error: MISSING_MESSAGE: Footer.address (en)
    at j (.next/server/chunks/ssr/_f9f6f050._.js:3:6971) {
  code: 'MISSING_MESSAGE',
  originalMessage: 'Footer.address (en)'
}
Error: MISSING_MESSAGE: Footer.rightsReserved (en)
    at j (.next/server/chunks/ssr/_f9f6f050._.js:3:7725) {
  code: 'MISSING_MESSAGE',
  originalMessage: 'Footer.rightsReserved (en)'
}
TypeError: h.map is not a function
    at g (.next/server/chunks/ssr/src_app_[locale]_(public)_about_production-plants_page_tsx_02953357._.js:1:1836) {
  digest: '59952949'
}
⨯ TypeError: h.map is not a function
    at g (.next/server/chunks/ssr/src_app_[locale]_(public)_about_production-plants_page_tsx_02953357._.js:1:1836) {
  digest: '59952949'
}
⨯ TypeError: h.map is not a function
    at g (.next/server/chunks/ssr/src_app_[locale]_(public)_about_production-plants_page_tsx_02953357._.js:1:1836) {
  digest: '59952949'
}
⨯ Error [PrismaClientInitializationError]: 
Invalid `prisma.category.findUnique()` invocation:


error: Environment variable not found: DATABASE_URL.
  -->  schema.prisma:11
   | 
10 |   provider = "mysql"
11 |   url      = env("DATABASE_URL")
   | 

Validation Error Count: 1
    at <unknown> (-->  schema.prisma:11)
    at async h (.next/server/chunks/ssr/[root-of-the-server]__ec9df5af._.js:1:2698) {
  clientVersion: '5.16.0',
  errorCode: undefined,
  digest: '905238828'
}
Error [PrismaClientInitializationError]: 
Invalid `prisma.category.findUnique()` invocation:


error: Environment variable not found: DATABASE_URL.
  -->  schema.prisma:11
   | 
10 |   provider = "mysql"
11 |   url      = env("DATABASE_URL")
   | 

Validation Error Count: 1
    at <unknown> (-->  schema.prisma:11)
    at async h (.next/server/chunks/ssr/[root-of-the-server]__ec9df5af._.js:1:2698) {
  clientVersion: '5.16.0',
  errorCode: undefined,
  digest: '905238828'
}
⨯ Error [PrismaClientInitializationError]: 
Invalid `prisma.category.findUnique()` invocation:


error: Environment variable not found: DATABASE_URL.
  -->  schema.prisma:11
   | 
10 |   provider = "mysql"
11 |   url      = env("DATABASE_URL")
   | 

Validation Error Count: 1
    at <unknown> (-->  schema.prisma:11)
    at async h (.next/server/chunks/ssr/[root-of-the-server]__ec9df5af._.js:1:2698) {
  clientVersion: '5.16.0',
  errorCode: undefined,
  digest: '905238828'
}
⨯ Error [PrismaClientInitializationError]: 
Invalid `prisma.category.findUnique()` invocation:


error: Environment variable not found: DATABASE_URL.
  -->  schema.prisma:11
   | 
10 |   provider = "mysql"
11 |   url      = env("DATABASE_URL")
   | 

Validation Error Count: 1
    at <unknown> (-->  schema.prisma:11)
    at async h (.next/server/chunks/ssr/[root-of-the-server]__ec9df5af._.js:1:2698) {
  clientVersion: '5.16.0',
  errorCode: undefined,
  digest: '905238828'
}
Error: MISSING_MESSAGE: Footer.address (en)
    at j (.next/server/chunks/ssr/_f9f6f050._.js:3:6971) {
  code: 'MISSING_MESSAGE',
  originalMessage: 'Footer.address (en)'
}
Error: MISSING_MESSAGE: Footer.rightsReserved (en)
    at j (.next/server/chunks/ssr/_f9f6f050._.js:3:7725) {
  code: 'MISSING_MESSAGE',
  originalMessage: 'Footer.rightsReserved (en)'
}
⨯ Error [PrismaClientInitializationError]: 
Invalid `prisma.category.findUnique()` invocation:


error: Environment variable not found: DATABASE_URL.
  -->  schema.prisma:11
   | 
10 |   provider = "mysql"
11 |   url      = env("DATABASE_URL")
   | 

Validation Error Count: 1
    at <unknown> (-->  schema.prisma:11)
    at async h (.next/server/chunks/ssr/[root-of-the-server]__ec9df5af._.js:1:2698) {
  clientVersion: '5.16.0',
  errorCode: undefined,
  digest: '905238828'
}
Error [PrismaClientInitializationError]: 
Invalid `prisma.category.findUnique()` invocation:


error: Environment variable not found: DATABASE_URL.
  -->  schema.prisma:11
   | 
10 |   provider = "mysql"
11 |   url      = env("DATABASE_URL")
   | 

Validation Error Count: 1
    at <unknown> (-->  schema.prisma:11)
    at async h (.next/server/chunks/ssr/[root-of-the-server]__ec9df5af._.js:1:2698) {
  clientVersion: '5.16.0',
  errorCode: undefined,
  digest: '905238828'
}
⨯ Error [PrismaClientInitializationError]: 
Invalid `prisma.category.findUnique()` invocation:


error: Environment variable not found: DATABASE_URL.
  -->  schema.prisma:11
   | 
10 |   provider = "mysql"
11 |   url      = env("DATABASE_URL")
   | 

Validation Error Count: 1
    at <unknown> (-->  schema.prisma:11)
    at async h (.next/server/chunks/ssr/[root-of-the-server]__ec9df5af._.js:1:2698) {
  clientVersion: '5.16.0',
  errorCode: undefined,
  digest: '905238828'
}
⨯ Error [PrismaClientInitializationError]: 
Invalid `prisma.category.findUnique()` invocation:


error: Environment variable not found: DATABASE_URL.
  -->  schema.prisma:11
   | 
10 |   provider = "mysql"
11 |   url      = env("DATABASE_URL")
   | 

Validation Error Count: 1
    at <unknown> (-->  schema.prisma:11)
    at async h (.next/server/chunks/ssr/[root-of-the-server]__ec9df5af._.js:1:2698) {
  clientVersion: '5.16.0',
  errorCode: undefined,
  digest: '905238828'
}
Error: MISSING_MESSAGE: Footer.address (en)
    at j (.next/server/chunks/ssr/_f9f6f050._.js:3:6971) {
  code: 'MISSING_MESSAGE',
  originalMessage: 'Footer.address (en)'
}
Error: MISSING_MESSAGE: Footer.rightsReserved (en)
    at j (.next/server/chunks/ssr/_f9f6f050._.js:3:7725) {
  code: 'MISSING_MESSAGE',
  originalMessage: 'Footer.rightsReserved (en)'
}
⨯ Error [PrismaClientInitializationError]: 
Invalid `prisma.category.findUnique()` invocation:


error: Environment variable not found: DATABASE_URL.
  -->  schema.prisma:11
   | 
10 |   provider = "mysql"
11 |   url      = env("DATABASE_URL")
   | 

Validation Error Count: 1
    at <unknown> (-->  schema.prisma:11)
    at async h (.next/server/chunks/ssr/[root-of-the-server]__ec9df5af._.js:1:2698) {
  clientVersion: '5.16.0',
  errorCode: undefined,
  digest: '905238828'
}
Error [PrismaClientInitializationError]: 
Invalid `prisma.category.findUnique()` invocation:


error: Environment variable not found: DATABASE_URL.
  -->  schema.prisma:11
   | 
10 |   provider = "mysql"
11 |   url      = env("DATABASE_URL")
   | 

Validation Error Count: 1
    at <unknown> (-->  schema.prisma:11)
    at async h (.next/server/chunks/ssr/[root-of-the-server]__ec9df5af._.js:1:2698) {
  clientVersion: '5.16.0',
  errorCode: undefined,
  digest: '905238828'
}
⨯ Error [PrismaClientInitializationError]: 
Invalid `prisma.category.findUnique()` invocation:


error: Environment variable not found: DATABASE_URL.
  -->  schema.prisma:11
   | 
10 |   provider = "mysql"
11 |   url      = env("DATABASE_URL")
   | 

Validation Error Count: 1
    at <unknown> (-->  schema.prisma:11)
    at async h (.next/server/chunks/ssr/[root-of-the-server]__ec9df5af._.js:1:2698) {
  clientVersion: '5.16.0',
  errorCode: undefined,
  digest: '905238828'
}
⨯ Error [PrismaClientInitializationError]: 
Invalid `prisma.category.findUnique()` invocation:


error: Environment variable not found: DATABASE_URL.
  -->  schema.prisma:11
   | 
10 |   provider = "mysql"
11 |   url      = env("DATABASE_URL")
   | 

Validation Error Count: 1
    at <unknown> (-->  schema.prisma:11)
    at async h (.next/server/chunks/ssr/[root-of-the-server]__ec9df5af._.js:1:2698) {
  clientVersion: '5.16.0',
  errorCode: undefined,
  digest: '905238828'
}
Error: MISSING_MESSAGE: Footer.address (en)
    at j (.next/server/chunks/ssr/_f9f6f050._.js:3:6971) {
  code: 'MISSING_MESSAGE',
  originalMessage: 'Footer.address (en)'
}
Error: MISSING_MESSAGE: Footer.rightsReserved (en)
    at j (.next/server/chunks/ssr/_f9f6f050._.js:3:7725) {
  code: 'MISSING_MESSAGE',
  originalMessage: 'Footer.rightsReserved (en)'
}
Error: MISSING_MESSAGE: Blog (en)
    at <unknown> (.next/server/chunks/ssr/_03d8e486._.js:1:328)
    at <unknown> (.next/server/chunks/ssr/_03d8e486._.js:1:360)
    at <unknown> (.next/server/chunks/ssr/_03d8e486._.js:1:465)
    at <unknown> (.next/server/chunks/ssr/[root-of-the-server]__35851e98._.js:1:441)
    at async g (.next/server/chunks/ssr/[root-of-the-server]__6e02be8c._.js:1:995) {
  code: 'MISSING_MESSAGE',
  originalMessage: 'Blog (en)'
}
Error: MISSING_MESSAGE: Footer.address (en)
    at j (.next/server/chunks/ssr/_f9f6f050._.js:3:6971) {
  code: 'MISSING_MESSAGE',
  originalMessage: 'Footer.address (en)'
}
Error: MISSING_MESSAGE: Footer.rightsReserved (en)
    at j (.next/server/chunks/ssr/_f9f6f050._.js:3:7725) {
  code: 'MISSING_MESSAGE',
  originalMessage: 'Footer.rightsReserved (en)'
}
Error: MISSING_MESSAGE: Blog (en)
    at <unknown> (.next/server/chunks/ssr/_03d8e486._.js:1:328)
    at <unknown> (.next/server/chunks/ssr/_03d8e486._.js:1:360)
    at <unknown> (.next/server/chunks/ssr/_03d8e486._.js:1:465)
    at <unknown> (.next/server/chunks/ssr/[root-of-the-server]__35851e98._.js:1:441)
    at async g (.next/server/chunks/ssr/[root-of-the-server]__6e02be8c._.js:1:995) {
  code: 'MISSING_MESSAGE',
  originalMessage: 'Blog (en)'
}
Error: MISSING_MESSAGE: Blog (en)
    at <unknown> (.next/server/chunks/ssr/_03d8e486._.js:1:328)
    at <unknown> (.next/server/chunks/ssr/_03d8e486._.js:1:360)
    at <unknown> (.next/server/chunks/ssr/_03d8e486._.js:1:465)
    at <unknown> (.next/server/chunks/ssr/[root-of-the-server]__35851e98._.js:1:441)
    at async g (.next/server/chunks/ssr/[root-of-the-server]__6e02be8c._.js:1:995) {
  code: 'MISSING_MESSAGE',
  originalMessage: 'Blog (en)'
}
⨯ TypeError: i.map is not a function
    at g (.next/server/chunks/ssr/[root-of-the-server]__6e02be8c._.js:1:3026) {
  digest: '2013957888'
}
⨯ Error [PrismaClientInitializationError]: 
Invalid `prisma.catalog.findMany()` invocation:


error: Environment variable not found: DATABASE_URL.
  -->  schema.prisma:11
   | 
10 |   provider = "mysql"
11 |   url      = env("DATABASE_URL")
   | 

Validation Error Count: 1
    at <unknown> (-->  schema.prisma:11)
    at async j (.next/server/chunks/ssr/[root-of-the-server]__63736f44._.js:1:3080) {
  clientVersion: '5.16.0',
  errorCode: undefined,
  digest: '2514970526'
}
Error: MISSING_MESSAGE: Footer.address (en)
    at j (.next/server/chunks/ssr/_f9f6f050._.js:3:6971) {
  code: 'MISSING_MESSAGE',
  originalMessage: 'Footer.address (en)'
}
Error: MISSING_MESSAGE: Footer.rightsReserved (en)
    at j (.next/server/chunks/ssr/_f9f6f050._.js:3:7725) {
  code: 'MISSING_MESSAGE',
  originalMessage: 'Footer.rightsReserved (en)'
}
Error: MISSING_MESSAGE: Footer.address (en)
    at j (.next/server/chunks/ssr/_f9f6f050._.js:3:6971) {
  code: 'MISSING_MESSAGE',
  originalMessage: 'Footer.address (en)'
}
Error: MISSING_MESSAGE: Footer.rightsReserved (en)
    at j (.next/server/chunks/ssr/_f9f6f050._.js:3:7725) {
  code: 'MISSING_MESSAGE',
  originalMessage: 'Footer.rightsReserved (en)'
}
TypeError: i.map is not a function
    at g (.next/server/chunks/ssr/[root-of-the-server]__6e02be8c._.js:1:3026) {
  digest: '2013957888'
}
⨯ TypeError: i.map is not a function
    at g (.next/server/chunks/ssr/[root-of-the-server]__6e02be8c._.js:1:3026) {
  digest: '2013957888'
}
⨯ TypeError: i.map is not a function
    at g (.next/server/chunks/ssr/[root-of-the-server]__6e02be8c._.js:1:3026) {
  digest: '2013957888'
}
Error [PrismaClientInitializationError]: 
Invalid `prisma.catalog.findMany()` invocation:


error: Environment variable not found: DATABASE_URL.
  -->  schema.prisma:11
   | 
10 |   provider = "mysql"
11 |   url      = env("DATABASE_URL")
   | 

Validation Error Count: 1
    at <unknown> (-->  schema.prisma:11)
    at async j (.next/server/chunks/ssr/[root-of-the-server]__63736f44._.js:1:3080) {
  clientVersion: '5.16.0',
  errorCode: undefined,
  digest: '2514970526'
}
⨯ Error [PrismaClientInitializationError]: 
Invalid `prisma.catalog.findMany()` invocation:


error: Environment variable not found: DATABASE_URL.
  -->  schema.prisma:11
   | 
10 |   provider = "mysql"
11 |   url      = env("DATABASE_URL")
   | 

Validation Error Count: 1
    at <unknown> (-->  schema.prisma:11)
    at async j (.next/server/chunks/ssr/[root-of-the-server]__63736f44._.js:1:3080) {
  clientVersion: '5.16.0',
  errorCode: undefined,
  digest: '2514970526'
}
⨯ Error [PrismaClientInitializationError]: 
Invalid `prisma.catalog.findMany()` invocation:


error: Environment variable not found: DATABASE_URL.
  -->  schema.prisma:11
   | 
10 |   provider = "mysql"
11 |   url      = env("DATABASE_URL")
   | 

Validation Error Count: 1
    at <unknown> (-->  schema.prisma:11)
    at async j (.next/server/chunks/ssr/[root-of-the-server]__63736f44._.js:1:3080) {
  clientVersion: '5.16.0',
  errorCode: undefined,
  digest: '2514970526'
}
⨯ Error [PrismaClientInitializationError]: 
Invalid `prisma.category.findUnique()` invocation:


error: Environment variable not found: DATABASE_URL.
  -->  schema.prisma:11
   | 
10 |   provider = "mysql"
11 |   url      = env("DATABASE_URL")
   | 

Validation Error Count: 1
    at <unknown> (-->  schema.prisma:11)
    at async h (.next/server/chunks/ssr/[root-of-the-server]__ec9df5af._.js:1:2698) {
  clientVersion: '5.16.0',
  errorCode: undefined,
  digest: '905238828'
}
⨯ Error [PrismaClientInitializationError]: 
Invalid `prisma.category.findUnique()` invocation:


error: Environment variable not found: DATABASE_URL.
  -->  schema.prisma:11
   | 
10 |   provider = "mysql"
11 |   url      = env("DATABASE_URL")
   | 

Validation Error Count: 1
    at <unknown> (-->  schema.prisma:11)
    at async h (.next/server/chunks/ssr/[root-of-the-server]__ec9df5af._.js:1:2698) {
  clientVersion: '5.16.0',
  errorCode: undefined,
  digest: '905238828'
}
Error [PrismaClientInitializationError]: 
Invalid `prisma.category.findUnique()` invocation:


error: Environment variable not found: DATABASE_URL.
  -->  schema.prisma:11
   | 
10 |   provider = "mysql"
11 |   url      = env("DATABASE_URL")
   | 

Validation Error Count: 1
    at <unknown> (-->  schema.prisma:11)
    at async h (.next/server/chunks/ssr/[root-of-the-server]__ec9df5af._.js:1:2698) {
  clientVersion: '5.16.0',
  errorCode: undefined,
  digest: '905238828'
}
⨯ Error [PrismaClientInitializationError]: 
Invalid `prisma.category.findUnique()` invocation:


error: Environment variable not found: DATABASE_URL.
  -->  schema.prisma:11
   | 
10 |   provider = "mysql"
11 |   url      = env("DATABASE_URL")
   | 

Validation Error Count: 1
    at <unknown> (-->  schema.prisma:11)
    at async h (.next/server/chunks/ssr/[root-of-the-server]__ec9df5af._.js:1:2698) {
  clientVersion: '5.16.0',
  errorCode: undefined,
  digest: '905238828'
}
⨯ Error [PrismaClientInitializationError]: 
Invalid `prisma.category.findUnique()` invocation:


error: Environment variable not found: DATABASE_URL.
  -->  schema.prisma:11
   | 
10 |   provider = "mysql"
11 |   url      = env("DATABASE_URL")
   | 

Validation Error Count: 1
    at <unknown> (-->  schema.prisma:11)
    at async h (.next/server/chunks/ssr/[root-of-the-server]__ec9df5af._.js:1:2698) {
  clientVersion: '5.16.0',
  errorCode: undefined,
  digest: '905238828'
}
Error [PrismaClientInitializationError]: 
Invalid `prisma.category.findUnique()` invocation:


error: Environment variable not found: DATABASE_URL.
  -->  schema.prisma:11
   | 
10 |   provider = "mysql"
11 |   url      = env("DATABASE_URL")
   | 

Validation Error Count: 1
    at <unknown> (-->  schema.prisma:11)
    at async h (.next/server/chunks/ssr/[root-of-the-server]__ec9df5af._.js:1:2698) {
  clientVersion: '5.16.0',
  errorCode: undefined,
  digest: '905238828'
}
⨯ Error [PrismaClientInitializationError]: 
Invalid `prisma.category.findUnique()` invocation:


error: Environment variable not found: DATABASE_URL.
  -->  schema.prisma:11
   | 
10 |   provider = "mysql"
11 |   url      = env("DATABASE_URL")
   | 

Validation Error Count: 1
    at <unknown> (-->  schema.prisma:11)
    at async h (.next/server/chunks/ssr/[root-of-the-server]__ec9df5af._.js:1:2698) {
  clientVersion: '5.16.0',
  errorCode: undefined,
  digest: '905238828'
}
⨯ Error [PrismaClientInitializationError]: 
Invalid `prisma.category.findUnique()` invocation:


error: Environment variable not found: DATABASE_URL.
  -->  schema.prisma:11
   | 
10 |   provider = "mysql"
11 |   url      = env("DATABASE_URL")
   | 

Validation Error Count: 1
    at <unknown> (-->  schema.prisma:11)
    at async h (.next/server/chunks/ssr/[root-of-the-server]__ec9df5af._.js:1:2698) {
  clientVersion: '5.16.0',
  errorCode: undefined,
  digest: '905238828'
}
Error: MISSING_MESSAGE: Footer.address (en)
    at j (.next/server/chunks/ssr/_f9f6f050._.js:3:6971) {
  code: 'MISSING_MESSAGE',
  originalMessage: 'Footer.address (en)'
}
Error: MISSING_MESSAGE: Footer.rightsReserved (en)
    at j (.next/server/chunks/ssr/_f9f6f050._.js:3:7725) {
  code: 'MISSING_MESSAGE',
  originalMessage: 'Footer.rightsReserved (en)'
}
Error: MISSING_MESSAGE: About (en)
    at <unknown> (.next/server/chunks/ssr/_03d8e486._.js:1:328)
    at <unknown> (.next/server/chunks/ssr/_03d8e486._.js:1:360)
    at <unknown> (.next/server/chunks/ssr/_03d8e486._.js:1:465)
    at <unknown> (.next/server/chunks/ssr/[root-of-the-server]__35851e98._.js:1:441)
    at async g (.next/server/chunks/ssr/[root-of-the-server]__35851e98._.js:1:1168) {
  code: 'MISSING_MESSAGE',
  originalMessage: 'About (en)'
}
Error: MISSING_MESSAGE: About (en)
    at <unknown> (.next/server/chunks/ssr/_03d8e486._.js:1:328)
    at <unknown> (.next/server/chunks/ssr/_03d8e486._.js:1:360)
    at <unknown> (.next/server/chunks/ssr/_03d8e486._.js:1:465)
    at <unknown> (.next/server/chunks/ssr/[root-of-the-server]__35851e98._.js:1:441)
    at async g (.next/server/chunks/ssr/[root-of-the-server]__35851e98._.js:1:1168) {
  code: 'MISSING_MESSAGE',
  originalMessage: 'About (en)'
}
⨯ Error [PrismaClientInitializationError]: 
Invalid `prisma.award.findMany()` invocation:


error: Environment variable not found: DATABASE_URL.
  -->  schema.prisma:11
   | 
10 |   provider = "mysql"
11 |   url      = env("DATABASE_URL")
   | 

Validation Error Count: 1
    at <unknown> (-->  schema.prisma:11)
    at async g (.next/server/chunks/ssr/[root-of-the-server]__35851e98._.js:1:1239) {
  clientVersion: '5.16.0',
  errorCode: undefined,
  digest: '2574933502'
}
Error: MISSING_MESSAGE: About (en)
    at <unknown> (.next/server/chunks/ssr/_03d8e486._.js:1:328)
    at <unknown> (.next/server/chunks/ssr/_03d8e486._.js:1:360)
    at <unknown> (.next/server/chunks/ssr/_03d8e486._.js:1:465)
    at <unknown> (.next/server/chunks/ssr/[root-of-the-server]__35851e98._.js:1:441)
    at async Module.f (.next/server/chunks/ssr/[root-of-the-server]__35851e98._.js:1:982) {
  code: 'MISSING_MESSAGE',
  originalMessage: 'About (en)'
}
Error: MISSING_MESSAGE: About (en)
    at <unknown> (.next/server/chunks/ssr/_03d8e486._.js:1:328)
    at <unknown> (.next/server/chunks/ssr/_03d8e486._.js:1:360)
    at <unknown> (.next/server/chunks/ssr/_03d8e486._.js:1:465)
    at <unknown> (.next/server/chunks/ssr/[root-of-the-server]__35851e98._.js:1:441)
    at async Module.f (.next/server/chunks/ssr/[root-of-the-server]__35851e98._.js:1:982) {
  code: 'MISSING_MESSAGE',
  originalMessage: 'About (en)'
}
Error [PrismaClientInitializationError]: 
Invalid `prisma.award.findMany()` invocation:


error: Environment variable not found: DATABASE_URL.
  -->  schema.prisma:11
   | 
10 |   provider = "mysql"
11 |   url      = env("DATABASE_URL")
   | 

Validation Error Count: 1
    at <unknown> (-->  schema.prisma:11)
    at async g (.next/server/chunks/ssr/[root-of-the-server]__35851e98._.js:1:1239) {
  clientVersion: '5.16.0',
  errorCode: undefined,
  digest: '2574933502'
}
⨯ Error [PrismaClientInitializationError]: 
Invalid `prisma.award.findMany()` invocation:


error: Environment variable not found: DATABASE_URL.
  -->  schema.prisma:11
   | 
10 |   provider = "mysql"
11 |   url      = env("DATABASE_URL")
   | 

Validation Error Count: 1
    at <unknown> (-->  schema.prisma:11)
    at async g (.next/server/chunks/ssr/[root-of-the-server]__35851e98._.js:1:1239) {
  clientVersion: '5.16.0',
  errorCode: undefined,
  digest: '2574933502'
}
⨯ Error [PrismaClientInitializationError]: 
Invalid `prisma.award.findMany()` invocation:


error: Environment variable not found: DATABASE_URL.
  -->  schema.prisma:11
   | 
10 |   provider = "mysql"
11 |   url      = env("DATABASE_URL")
   | 

Validation Error Count: 1
    at <unknown> (-->  schema.prisma:11)
    at async g (.next/server/chunks/ssr/[root-of-the-server]__35851e98._.js:1:1239) {
  clientVersion: '5.16.0',
  errorCode: undefined,
  digest: '2574933502'
}
Error: MISSING_MESSAGE: Footer.address (en)
    at j (.next/server/chunks/ssr/_f9f6f050._.js:3:6971) {
  code: 'MISSING_MESSAGE',
  originalMessage: 'Footer.address (en)'
}
Error: MISSING_MESSAGE: Footer.rightsReserved (en)
    at j (.next/server/chunks/ssr/_f9f6f050._.js:3:7725) {
  code: 'MISSING_MESSAGE',
  originalMessage: 'Footer.rightsReserved (en)'
}
⨯ Error: Failed to fetch company data
    at g (.next/server/chunks/ssr/[root-of-the-server]__a4c5db24._.js:13:792)
    at async g (.next/server/chunks/ssr/[root-of-the-server]__3af471d7._.js:1:1911) {
  digest: '2697648912'
}
Error: MISSING_MESSAGE: Footer.address (en)
    at j (.next/server/chunks/ssr/_f9f6f050._.js:3:6971) {
  code: 'MISSING_MESSAGE',
  originalMessage: 'Footer.address (en)'
}
Error: MISSING_MESSAGE: Footer.rightsReserved (en)
    at j (.next/server/chunks/ssr/_f9f6f050._.js:3:7725) {
  code: 'MISSING_MESSAGE',
  originalMessage: 'Footer.rightsReserved (en)'
}
Error: MISSING_MESSAGE: ProductionPlants (en)
    at <unknown> (.next/server/chunks/ssr/_03d8e486._.js:1:328)
    at <unknown> (.next/server/chunks/ssr/_03d8e486._.js:1:360)
    at <unknown> (.next/server/chunks/ssr/_03d8e486._.js:1:465)
    at <unknown> (.next/server/chunks/ssr/[root-of-the-server]__35851e98._.js:1:441)
    at async Module.c (.next/server/chunks/ssr/_8a88276c._.js:1:361) {
  code: 'MISSING_MESSAGE',
  originalMessage: 'ProductionPlants (en)'
}
Error: MISSING_MESSAGE: ProductionPlants (en)
    at <unknown> (.next/server/chunks/ssr/_03d8e486._.js:1:328)
    at <unknown> (.next/server/chunks/ssr/_03d8e486._.js:1:360)
    at <unknown> (.next/server/chunks/ssr/_03d8e486._.js:1:465)
    at <unknown> (.next/server/chunks/ssr/[root-of-the-server]__35851e98._.js:1:441)
    at async Module.c (.next/server/chunks/ssr/_8a88276c._.js:1:361) {
  code: 'MISSING_MESSAGE',
  originalMessage: 'ProductionPlants (en)'
}
Error: MISSING_MESSAGE: ProductionPlants (en)
    at <unknown> (.next/server/chunks/ssr/[root-of-the-server]__d9de7955._.js:1:10706)
    at g (.next/server/chunks/ssr/src_app_[locale]_(public)_about_production-plants_page_tsx_02953357._.js:1:149) {
  code: 'MISSING_MESSAGE',
  originalMessage: 'ProductionPlants (en)'
}
Error: MISSING_MESSAGE: ProductionPlants (en)
    at <unknown> (.next/server/chunks/ssr/[root-of-the-server]__d9de7955._.js:1:10706)
    at g (.next/server/chunks/ssr/src_app_[locale]_(public)_about_production-plants_page_tsx_02953357._.js:1:149) {
  code: 'MISSING_MESSAGE',
  originalMessage: 'ProductionPlants (en)'
}
Error: MISSING_MESSAGE: ProductionPlants (en)
    at <unknown> (.next/server/chunks/ssr/[root-of-the-server]__d9de7955._.js:1:10706)
    at g (.next/server/chunks/ssr/src_app_[locale]_(public)_about_production-plants_page_tsx_02953357._.js:1:149) {
  code: 'MISSING_MESSAGE',
  originalMessage: 'ProductionPlants (en)'
}
Error: MISSING_MESSAGE: ProductionPlants (en)
    at <unknown> (.next/server/chunks/ssr/[root-of-the-server]__d9de7955._.js:1:10706)
    at g (.next/server/chunks/ssr/src_app_[locale]_(public)_about_production-plants_page_tsx_02953357._.js:1:149) {
  code: 'MISSING_MESSAGE',
  originalMessage: 'ProductionPlants (en)'
}
Error: MISSING_MESSAGE: ProductionPlants (en)
    at <unknown> (.next/server/chunks/ssr/[root-of-the-server]__d9de7955._.js:1:10706)
    at g (.next/server/chunks/ssr/src_app_[locale]_(public)_about_production-plants_page_tsx_02953357._.js:1:149) {
  code: 'MISSING_MESSAGE',
  originalMessage: 'ProductionPlants (en)'
}
Error: MISSING_MESSAGE: ProductionPlants (en)
    at <unknown> (.next/server/chunks/ssr/[root-of-the-server]__d9de7955._.js:1:10706)
    at g (.next/server/chunks/ssr/src_app_[locale]_(public)_about_production-plants_page_tsx_02953357._.js:1:149) {
  code: 'MISSING_MESSAGE',
  originalMessage: 'ProductionPlants (en)'
}
Error: MISSING_MESSAGE: ProductionPlants (en)
    at <unknown> (.next/server/chunks/ssr/[root-of-the-server]__d9de7955._.js:1:10706)
    at g (.next/server/chunks/ssr/src_app_[locale]_(public)_about_production-plants_page_tsx_02953357._.js:1:149) {
  code: 'MISSING_MESSAGE',
  originalMessage: 'ProductionPlants (en)'
}
Error: MISSING_MESSAGE: ProductionPlants (en)
    at <unknown> (.next/server/chunks/ssr/[root-of-the-server]__d9de7955._.js:1:10706)
    at g (.next/server/chunks/ssr/src_app_[locale]_(public)_about_production-plants_page_tsx_02953357._.js:1:149) {
  code: 'MISSING_MESSAGE',
  originalMessage: 'ProductionPlants (en)'
}
Error: MISSING_MESSAGE: ProductionPlants (en)
    at <unknown> (.next/server/chunks/ssr/[root-of-the-server]__d9de7955._.js:1:10706)
    at g (.next/server/chunks/ssr/src_app_[locale]_(public)_about_production-plants_page_tsx_02953357._.js:1:149) {
  code: 'MISSING_MESSAGE',
  originalMessage: 'ProductionPlants (en)'
}
⨯ TypeError: h.map is not a function
    at g (.next/server/chunks/ssr/src_app_[locale]_(public)_about_production-plants_page_tsx_02953357._.js:1:1836) {
  digest: '59952949'
}
Error: MISSING_MESSAGE: ProductionPlants (en)
    at <unknown> (.next/server/chunks/ssr/_03d8e486._.js:1:328)
    at <unknown> (.next/server/chunks/ssr/_03d8e486._.js:1:360)
    at <unknown> (.next/server/chunks/ssr/_03d8e486._.js:1:465)
    at <unknown> (.next/server/chunks/ssr/[root-of-the-server]__35851e98._.js:1:441)
    at async Module.c (.next/server/chunks/ssr/_8a88276c._.js:1:361) {
  code: 'MISSING_MESSAGE',
  originalMessage: 'ProductionPlants (en)'
}
Error: MISSING_MESSAGE: ProductionPlants (en)
    at <unknown> (.next/server/chunks/ssr/_03d8e486._.js:1:328)
    at <unknown> (.next/server/chunks/ssr/_03d8e486._.js:1:360)
    at <unknown> (.next/server/chunks/ssr/_03d8e486._.js:1:465)
    at <unknown> (.next/server/chunks/ssr/[root-of-the-server]__35851e98._.js:1:441)
    at async Module.c (.next/server/chunks/ssr/_8a88276c._.js:1:361) {
  code: 'MISSING_MESSAGE',
  originalMessage: 'ProductionPlants (en)'
}
Error: Failed to fetch company data
    at g (.next/server/chunks/ssr/[root-of-the-server]__a4c5db24._.js:13:792)
    at async g (.next/server/chunks/ssr/[root-of-the-server]__3af471d7._.js:1:1911) {
  digest: '2697648912'
}
⨯ Error: Failed to fetch company data
    at g (.next/server/chunks/ssr/[root-of-the-server]__a4c5db24._.js:13:792)
    at async g (.next/server/chunks/ssr/[root-of-the-server]__3af471d7._.js:1:1911) {
  digest: '2697648912'
}
⨯ Error: Failed to fetch company data
    at g (.next/server/chunks/ssr/[root-of-the-server]__a4c5db24._.js:13:792)
    at async g (.next/server/chunks/ssr/[root-of-the-server]__3af471d7._.js:1:1911) {
  digest: '2697648912'
}
TypeError: h.map is not a function
    at g (.next/server/chunks/ssr/src_app_[locale]_(public)_about_production-plants_page_tsx_02953357._.js:1:1836) {
  digest: '59952949'
}
⨯ TypeError: h.map is not a function
    at g (.next/server/chunks/ssr/src_app_[locale]_(public)_about_production-plants_page_tsx_02953357._.js:1:1836) {
  digest: '59952949'
}
⨯ TypeError: h.map is not a function
    at g (.next/server/chunks/ssr/src_app_[locale]_(public)_about_production-plants_page_tsx_02953357._.js:1:1836) {
  digest: '59952949'
}
Error: MISSING_MESSAGE: Footer.address (en)
    at j (.next/server/chunks/ssr/_f9f6f050._.js:3:6971) {
  code: 'MISSING_MESSAGE',
  originalMessage: 'Footer.address (en)'
}
Error: MISSING_MESSAGE: Footer.rightsReserved (en)
    at j (.next/server/chunks/ssr/_f9f6f050._.js:3:7725) {
  code: 'MISSING_MESSAGE',
  originalMessage: 'Footer.rightsReserved (en)'
}
⨯ Error [PrismaClientInitializationError]: 
Invalid `prisma.category.findUnique()` invocation:


error: Environment variable not found: DATABASE_URL.
  -->  schema.prisma:11
   | 
10 |   provider = "mysql"
11 |   url      = env("DATABASE_URL")
   | 

Validation Error Count: 1
    at <unknown> (-->  schema.prisma:11)
    at async h (.next/server/chunks/ssr/[root-of-the-server]__ec9df5af._.js:1:2698) {
  clientVersion: '5.16.0',
  errorCode: undefined,
  digest: '905238828'
}
Error [PrismaClientInitializationError]: 
Invalid `prisma.category.findUnique()` invocation:


error: Environment variable not found: DATABASE_URL.
  -->  schema.prisma:11
   | 
10 |   provider = "mysql"
11 |   url      = env("DATABASE_URL")
   | 

Validation Error Count: 1
    at <unknown> (-->  schema.prisma:11)
    at async h (.next/server/chunks/ssr/[root-of-the-server]__ec9df5af._.js:1:2698) {
  clientVersion: '5.16.0',
  errorCode: undefined,
  digest: '905238828'
}
⨯ Error [PrismaClientInitializationError]: 
Invalid `prisma.category.findUnique()` invocation:


error: Environment variable not found: DATABASE_URL.
  -->  schema.prisma:11
   | 
10 |   provider = "mysql"
11 |   url      = env("DATABASE_URL")
   | 

Validation Error Count: 1
    at <unknown> (-->  schema.prisma:11)
    at async h (.next/server/chunks/ssr/[root-of-the-server]__ec9df5af._.js:1:2698) {
  clientVersion: '5.16.0',
  errorCode: undefined,
  digest: '905238828'
}
⨯ Error [PrismaClientInitializationError]: 
Invalid `prisma.category.findUnique()` invocation:


error: Environment variable not found: DATABASE_URL.
  -->  schema.prisma:11
   | 
10 |   provider = "mysql"
11 |   url      = env("DATABASE_URL")
   | 

Validation Error Count: 1
    at <unknown> (-->  schema.prisma:11)
    at async h (.next/server/chunks/ssr/[root-of-the-server]__ec9df5af._.js:1:2698) {
  clientVersion: '5.16.0',
  errorCode: undefined,
  digest: '905238828'
}
Error: MISSING_MESSAGE: Footer.address (en)
    at j (.next/server/chunks/ssr/_f9f6f050._.js:3:6971) {
  code: 'MISSING_MESSAGE',
  originalMessage: 'Footer.address (en)'
}
Error: MISSING_MESSAGE: Footer.rightsReserved (en)
    at j (.next/server/chunks/ssr/_f9f6f050._.js:3:7725) {
  code: 'MISSING_MESSAGE',
  originalMessage: 'Footer.rightsReserved (en)'
}
⨯ Error [PrismaClientInitializationError]: 
Invalid `prisma.category.findUnique()` invocation:


error: Environment variable not found: DATABASE_URL.
  -->  schema.prisma:11
   | 
10 |   provider = "mysql"
11 |   url      = env("DATABASE_URL")
   | 

Validation Error Count: 1
    at <unknown> (-->  schema.prisma:11)
    at async h (.next/server/chunks/ssr/[root-of-the-server]__ec9df5af._.js:1:2698) {
  clientVersion: '5.16.0',
  errorCode: undefined,
  digest: '905238828'
}
Error [PrismaClientInitializationError]: 
Invalid `prisma.category.findUnique()` invocation:


error: Environment variable not found: DATABASE_URL.
  -->  schema.prisma:11
   | 
10 |   provider = "mysql"
11 |   url      = env("DATABASE_URL")
   | 

Validation Error Count: 1
    at <unknown> (-->  schema.prisma:11)
    at async h (.next/server/chunks/ssr/[root-of-the-server]__ec9df5af._.js:1:2698) {
  clientVersion: '5.16.0',
  errorCode: undefined,
  digest: '905238828'
}
⨯ Error [PrismaClientInitializationError]: 
Invalid `prisma.category.findUnique()` invocation:


error: Environment variable not found: DATABASE_URL.
  -->  schema.prisma:11
   | 
10 |   provider = "mysql"
11 |   url      = env("DATABASE_URL")
   | 

Validation Error Count: 1
    at <unknown> (-->  schema.prisma:11)
    at async h (.next/server/chunks/ssr/[root-of-the-server]__ec9df5af._.js:1:2698) {
  clientVersion: '5.16.0',
  errorCode: undefined,
  digest: '905238828'
}
⨯ Error [PrismaClientInitializationError]: 
Invalid `prisma.category.findUnique()` invocation:


error: Environment variable not found: DATABASE_URL.
  -->  schema.prisma:11
   | 
10 |   provider = "mysql"
11 |   url      = env("DATABASE_URL")
   | 

Validation Error Count: 1
    at <unknown> (-->  schema.prisma:11)
    at async h (.next/server/chunks/ssr/[root-of-the-server]__ec9df5af._.js:1:2698) {
  clientVersion: '5.16.0',
  errorCode: undefined,
  digest: '905238828'
}
Error: MISSING_MESSAGE: Footer.address (en)
    at j (.next/server/chunks/ssr/_f9f6f050._.js:3:6971) {
  code: 'MISSING_MESSAGE',
  originalMessage: 'Footer.address (en)'
}
Error: MISSING_MESSAGE: Footer.rightsReserved (en)
    at j (.next/server/chunks/ssr/_f9f6f050._.js:3:7725) {
  code: 'MISSING_MESSAGE',
  originalMessage: 'Footer.rightsReserved (en)'
}
⨯ Error [PrismaClientInitializationError]: 
Invalid `prisma.category.findUnique()` invocation:


error: Environment variable not found: DATABASE_URL.
  -->  schema.prisma:11
   | 
10 |   provider = "mysql"
11 |   url      = env("DATABASE_URL")
   | 

Validation Error Count: 1
    at <unknown> (-->  schema.prisma:11)
    at async h (.next/server/chunks/ssr/[root-of-the-server]__ec9df5af._.js:1:2698) {
  clientVersion: '5.16.0',
  errorCode: undefined,
  digest: '905238828'
}
Error [PrismaClientInitializationError]: 
Invalid `prisma.category.findUnique()` invocation:


error: Environment variable not found: DATABASE_URL.
  -->  schema.prisma:11
   | 
10 |   provider = "mysql"
11 |   url      = env("DATABASE_URL")
   | 

Validation Error Count: 1
    at <unknown> (-->  schema.prisma:11)
    at async h (.next/server/chunks/ssr/[root-of-the-server]__ec9df5af._.js:1:2698) {
  clientVersion: '5.16.0',
  errorCode: undefined,
  digest: '905238828'
}
⨯ Error [PrismaClientInitializationError]: 
Invalid `prisma.category.findUnique()` invocation:


error: Environment variable not found: DATABASE_URL.
  -->  schema.prisma:11
   | 
10 |   provider = "mysql"
11 |   url      = env("DATABASE_URL")
   | 

Validation Error Count: 1
    at <unknown> (-->  schema.prisma:11)
    at async h (.next/server/chunks/ssr/[root-of-the-server]__ec9df5af._.js:1:2698) {
  clientVersion: '5.16.0',
  errorCode: undefined,
  digest: '905238828'
}
⨯ Error [PrismaClientInitializationError]: 
Invalid `prisma.category.findUnique()` invocation:


error: Environment variable not found: DATABASE_URL.
  -->  schema.prisma:11
   | 
10 |   provider = "mysql"
11 |   url      = env("DATABASE_URL")
   | 

Validation Error Count: 1
    at <unknown> (-->  schema.prisma:11)
    at async h (.next/server/chunks/ssr/[root-of-the-server]__ec9df5af._.js:1:2698) {
  clientVersion: '5.16.0',
  errorCode: undefined,
  digest: '905238828'
}
[31m[auth][error][0m UntrustedHost: Host must be trusted. URL was: https://kint-group.com/api/auth/session. Read more at https://errors.authjs.dev#untrustedhost
    at /home/u884871213/domains/kint-group.com/public_html/.next/server/chunks/ssr/_c8774189._.js:404:51248
    at fv (/home/u884871213/domains/kint-group.com/public_html/.next/server/chunks/ssr/_c8774189._.js:404:53913)
    at process.processTicksAndRejections (node:internal/process/task_queues:95:5)
Error: MISSING_MESSAGE: AdminDashboard (en)
    at <unknown> (.next/server/chunks/ssr/_03d8e486._.js:1:328)
    at <unknown> (.next/server/chunks/ssr/_03d8e486._.js:1:360)
    at <unknown> (.next/server/chunks/ssr/_03d8e486._.js:1:465)
    at <unknown> (.next/server/chunks/ssr/[root-of-the-server]__35851e98._.js:1:441)
    at async g (.next/server/chunks/ssr/[root-of-the-server]__5a993f35._.js:14:476) {
  code: 'MISSING_MESSAGE',
  originalMessage: 'AdminDashboard (en)'
}
Error: MISSING_MESSAGE: AdminDashboard (en)
    at <unknown> (.next/server/chunks/ssr/_03d8e486._.js:1:328)
    at <unknown> (.next/server/chunks/ssr/_03d8e486._.js:1:360)
    at <unknown> (.next/server/chunks/ssr/_03d8e486._.js:1:465)
    at <unknown> (.next/server/chunks/ssr/[root-of-the-server]__35851e98._.js:1:441)
    at async g (.next/server/chunks/ssr/[root-of-the-server]__5a993f35._.js:14:476) {
  code: 'MISSING_MESSAGE',
  originalMessage: 'AdminDashboard (en)'
}
Error: MISSING_MESSAGE: AdminDashboard (en)
    at <unknown> (.next/server/chunks/ssr/_03d8e486._.js:1:328)
    at <unknown> (.next/server/chunks/ssr/_03d8e486._.js:1:360)
    at <unknown> (.next/server/chunks/ssr/_03d8e486._.js:1:465)
    at <unknown> (.next/server/chunks/ssr/[root-of-the-server]__35851e98._.js:1:441)
    at async g (.next/server/chunks/ssr/[root-of-the-server]__5a993f35._.js:14:476) {
  code: 'MISSING_MESSAGE',
  originalMessage: 'AdminDashboard (en)'
}
Error: MISSING_MESSAGE: AdminDashboard (en)
    at <unknown> (.next/server/chunks/ssr/_03d8e486._.js:1:328)
    at <unknown> (.next/server/chunks/ssr/_03d8e486._.js:1:360)
    at <unknown> (.next/server/chunks/ssr/_03d8e486._.js:1:465)
    at <unknown> (.next/server/chunks/ssr/[root-of-the-server]__35851e98._.js:1:441)
    at async g (.next/server/chunks/ssr/[root-of-the-server]__5a993f35._.js:14:476) {
  code: 'MISSING_MESSAGE',
  originalMessage: 'AdminDashboard (en)'
}
Error: MISSING_MESSAGE: AdminDashboard (en)
    at <unknown> (.next/server/chunks/ssr/_03d8e486._.js:1:328)
    at <unknown> (.next/server/chunks/ssr/_03d8e486._.js:1:360)
    at <unknown> (.next/server/chunks/ssr/_03d8e486._.js:1:465)
    at <unknown> (.next/server/chunks/ssr/[root-of-the-server]__35851e98._.js:1:441)
    at async g (.next/server/chunks/ssr/[root-of-the-server]__5a993f35._.js:14:476) {
  code: 'MISSING_MESSAGE',
  originalMessage: 'AdminDashboard (en)'
}
Error: MISSING_MESSAGE: AdminDashboard (en)
    at <unknown> (.next/server/chunks/ssr/_03d8e486._.js:1:328)
    at <unknown> (.next/server/chunks/ssr/_03d8e486._.js:1:360)
    at <unknown> (.next/server/chunks/ssr/_03d8e486._.js:1:465)
    at <unknown> (.next/server/chunks/ssr/[root-of-the-server]__35851e98._.js:1:441)
    at async g (.next/server/chunks/ssr/[root-of-the-server]__5a993f35._.js:14:476) {
  code: 'MISSING_MESSAGE',
  originalMessage: 'AdminDashboard (en)'
}
Error: MISSING_MESSAGE: AdminDashboard (en)
    at <unknown> (.next/server/chunks/ssr/_03d8e486._.js:1:328)
    at <unknown> (.next/server/chunks/ssr/_03d8e486._.js:1:360)
    at <unknown> (.next/server/chunks/ssr/_03d8e486._.js:1:465)
    at <unknown> (.next/server/chunks/ssr/[root-of-the-server]__35851e98._.js:1:441)
    at async g (.next/server/chunks/ssr/[root-of-the-server]__5a993f35._.js:14:476) {
  code: 'MISSING_MESSAGE',
  originalMessage: 'AdminDashboard (en)'
}
Error: MISSING_MESSAGE: AdminDashboard (en)
    at <unknown> (.next/server/chunks/ssr/_03d8e486._.js:1:328)
    at <unknown> (.next/server/chunks/ssr/_03d8e486._.js:1:360)
    at <unknown> (.next/server/chunks/ssr/_03d8e486._.js:1:465)
    at <unknown> (.next/server/chunks/ssr/[root-of-the-server]__35851e98._.js:1:441)
    at async g (.next/server/chunks/ssr/[root-of-the-server]__5a993f35._.js:14:476) {
  code: 'MISSING_MESSAGE',
  originalMessage: 'AdminDashboard (en)'
}
Error: MISSING_MESSAGE: AdminDashboard (en)
    at <unknown> (.next/server/chunks/ssr/_03d8e486._.js:1:328)
    at <unknown> (.next/server/chunks/ssr/_03d8e486._.js:1:360)
    at <unknown> (.next/server/chunks/ssr/_03d8e486._.js:1:465)
    at <unknown> (.next/server/chunks/ssr/[root-of-the-server]__35851e98._.js:1:441)
    at async g (.next/server/chunks/ssr/[root-of-the-server]__5a993f35._.js:14:476) {
  code: 'MISSING_MESSAGE',
  originalMessage: 'AdminDashboard (en)'
}
Error: MISSING_MESSAGE: AdminDashboard (en)
    at <unknown> (.next/server/chunks/ssr/_03d8e486._.js:1:328)
    at <unknown> (.next/server/chunks/ssr/_03d8e486._.js:1:360)
    at <unknown> (.next/server/chunks/ssr/_03d8e486._.js:1:465)
    at <unknown> (.next/server/chunks/ssr/[root-of-the-server]__35851e98._.js:1:441)
    at async g (.next/server/chunks/ssr/[root-of-the-server]__5a993f35._.js:14:476) {
  code: 'MISSING_MESSAGE',
  originalMessage: 'AdminDashboard (en)'
}
Error: MISSING_MESSAGE: AdminDashboard (en)
    at <unknown> (.next/server/chunks/ssr/_03d8e486._.js:1:328)
    at <unknown> (.next/server/chunks/ssr/_03d8e486._.js:1:360)
    at <unknown> (.next/server/chunks/ssr/_03d8e486._.js:1:465)
    at <unknown> (.next/server/chunks/ssr/[root-of-the-server]__35851e98._.js:1:441)
    at async g (.next/server/chunks/ssr/[root-of-the-server]__5a993f35._.js:14:476) {
  code: 'MISSING_MESSAGE',
  originalMessage: 'AdminDashboard (en)'
}
Error: MISSING_MESSAGE: AdminDashboard (en)
    at <unknown> (.next/server/chunks/ssr/_03d8e486._.js:1:328)
    at <unknown> (.next/server/chunks/ssr/_03d8e486._.js:1:360)
    at <unknown> (.next/server/chunks/ssr/_03d8e486._.js:1:465)
    at <unknown> (.next/server/chunks/ssr/[root-of-the-server]__35851e98._.js:1:441)
    at async g (.next/server/chunks/ssr/[root-of-the-server]__5a993f35._.js:14:476) {
  code: 'MISSING_MESSAGE',
  originalMessage: 'AdminDashboard (en)'
}
Error: MISSING_MESSAGE: AdminDashboard (en)
    at <unknown> (.next/server/chunks/ssr/_03d8e486._.js:1:328)
    at <unknown> (.next/server/chunks/ssr/_03d8e486._.js:1:360)
    at <unknown> (.next/server/chunks/ssr/_03d8e486._.js:1:465)
    at <unknown> (.next/server/chunks/ssr/[root-of-the-server]__35851e98._.js:1:441)
    at async g (.next/server/chunks/ssr/[root-of-the-server]__5a993f35._.js:14:476) {
  code: 'MISSING_MESSAGE',
  originalMessage: 'AdminDashboard (en)'
}
Error: MISSING_MESSAGE: AdminDashboard (en)
    at <unknown> (.next/server/chunks/ssr/_03d8e486._.js:1:328)
    at <unknown> (.next/server/chunks/ssr/_03d8e486._.js:1:360)
    at <unknown> (.next/server/chunks/ssr/_03d8e486._.js:1:465)
    at <unknown> (.next/server/chunks/ssr/[root-of-the-server]__35851e98._.js:1:441)
    at async g (.next/server/chunks/ssr/[root-of-the-server]__5a993f35._.js:14:476) {
  code: 'MISSING_MESSAGE',
  originalMessage: 'AdminDashboard (en)'
}
Error: MISSING_MESSAGE: AdminDashboard (en)
    at <unknown> (.next/server/chunks/ssr/_03d8e486._.js:1:328)
    at <unknown> (.next/server/chunks/ssr/_03d8e486._.js:1:360)
    at <unknown> (.next/server/chunks/ssr/_03d8e486._.js:1:465)
    at <unknown> (.next/server/chunks/ssr/[root-of-the-server]__35851e98._.js:1:441)
    at async g (.next/server/chunks/ssr/[root-of-the-server]__5a993f35._.js:14:476) {
  code: 'MISSING_MESSAGE',
  originalMessage: 'AdminDashboard (en)'
}
Error: MISSING_MESSAGE: AdminDashboard (en)
    at <unknown> (.next/server/chunks/ssr/_03d8e486._.js:1:328)
    at <unknown> (.next/server/chunks/ssr/_03d8e486._.js:1:360)
    at <unknown> (.next/server/chunks/ssr/_03d8e486._.js:1:465)
    at <unknown> (.next/server/chunks/ssr/[root-of-the-server]__35851e98._.js:1:441)
    at async g (.next/server/chunks/ssr/[root-of-the-server]__5a993f35._.js:14:476) {
  code: 'MISSING_MESSAGE',
  originalMessage: 'AdminDashboard (en)'
}
Error: MISSING_MESSAGE: AdminDashboard (en)
    at <unknown> (.next/server/chunks/ssr/_03d8e486._.js:1:328)
    at <unknown> (.next/server/chunks/ssr/_03d8e486._.js:1:360)
    at <unknown> (.next/server/chunks/ssr/_03d8e486._.js:1:465)
    at <unknown> (.next/server/chunks/ssr/[root-of-the-server]__35851e98._.js:1:441)
    at async g (.next/server/chunks/ssr/[root-of-the-server]__5a993f35._.js:14:476) {
  code: 'MISSING_MESSAGE',
  originalMessage: 'AdminDashboard (en)'
}
Error: MISSING_MESSAGE: AdminDashboard (en)
    at <unknown> (.next/server/chunks/ssr/_03d8e486._.js:1:328)
    at <unknown> (.next/server/chunks/ssr/_03d8e486._.js:1:360)
    at <unknown> (.next/server/chunks/ssr/_03d8e486._.js:1:465)
    at <unknown> (.next/server/chunks/ssr/[root-of-the-server]__35851e98._.js:1:441)
    at async g (.next/server/chunks/ssr/[root-of-the-server]__5a993f35._.js:14:476) {
  code: 'MISSING_MESSAGE',
  originalMessage: 'AdminDashboard (en)'
}
Error: MISSING_MESSAGE: AdminDashboard (en)
    at <unknown> (.next/server/chunks/ssr/_03d8e486._.js:1:328)
    at <unknown> (.next/server/chunks/ssr/_03d8e486._.js:1:360)
    at <unknown> (.next/server/chunks/ssr/_03d8e486._.js:1:465)
    at <unknown> (.next/server/chunks/ssr/[root-of-the-server]__35851e98._.js:1:441)
    at async g (.next/server/chunks/ssr/[root-of-the-server]__5a993f35._.js:14:476) {
  code: 'MISSING_MESSAGE',
  originalMessage: 'AdminDashboard (en)'
}
Error: MISSING_MESSAGE: AdminDashboard (en)
    at <unknown> (.next/server/chunks/ssr/_03d8e486._.js:1:328)
    at <unknown> (.next/server/chunks/ssr/_03d8e486._.js:1:360)
    at <unknown> (.next/server/chunks/ssr/_03d8e486._.js:1:465)
    at <unknown> (.next/server/chunks/ssr/[root-of-the-server]__35851e98._.js:1:441)
    at async g (.next/server/chunks/ssr/[root-of-the-server]__5a993f35._.js:14:476) {
  code: 'MISSING_MESSAGE',
  originalMessage: 'AdminDashboard (en)'
}
Error: MISSING_MESSAGE: AdminDashboard (en)
    at <unknown> (.next/server/chunks/ssr/_03d8e486._.js:1:328)
    at <unknown> (.next/server/chunks/ssr/_03d8e486._.js:1:360)
    at <unknown> (.next/server/chunks/ssr/_03d8e486._.js:1:465)
    at <unknown> (.next/server/chunks/ssr/[root-of-the-server]__35851e98._.js:1:441)
    at async g (.next/server/chunks/ssr/[root-of-the-server]__5a993f35._.js:14:476) {
  code: 'MISSING_MESSAGE',
  originalMessage: 'AdminDashboard (en)'
}
Error: MISSING_MESSAGE: AdminDashboard (en)
    at <unknown> (.next/server/chunks/ssr/_03d8e486._.js:1:328)
    at <unknown> (.next/server/chunks/ssr/_03d8e486._.js:1:360)
    at <unknown> (.next/server/chunks/ssr/_03d8e486._.js:1:465)
    at <unknown> (.next/server/chunks/ssr/[root-of-the-server]__35851e98._.js:1:441)
    at async g (.next/server/chunks/ssr/[root-of-the-server]__5a993f35._.js:14:476) {
  code: 'MISSING_MESSAGE',
  originalMessage: 'AdminDashboard (en)'
}
Error: MISSING_MESSAGE: AdminDashboard (en)
    at <unknown> (.next/server/chunks/ssr/_03d8e486._.js:1:328)
    at <unknown> (.next/server/chunks/ssr/_03d8e486._.js:1:360)
    at <unknown> (.next/server/chunks/ssr/_03d8e486._.js:1:465)
    at <unknown> (.next/server/chunks/ssr/[root-of-the-server]__35851e98._.js:1:441)
    at async g (.next/server/chunks/ssr/[root-of-the-server]__5a993f35._.js:14:476) {
  code: 'MISSING_MESSAGE',
  originalMessage: 'AdminDashboard (en)'
}
Error: MISSING_MESSAGE: AdminDashboard (en)
    at <unknown> (.next/server/chunks/ssr/_03d8e486._.js:1:328)
    at <unknown> (.next/server/chunks/ssr/_03d8e486._.js:1:360)
    at <unknown> (.next/server/chunks/ssr/_03d8e486._.js:1:465)
    at <unknown> (.next/server/chunks/ssr/[root-of-the-server]__35851e98._.js:1:441)
    at async g (.next/server/chunks/ssr/[root-of-the-server]__5a993f35._.js:14:476) {
  code: 'MISSING_MESSAGE',
  originalMessage: 'AdminDashboard (en)'
}
Error: MISSING_MESSAGE: AdminDashboard (en)
    at <unknown> (.next/server/chunks/ssr/_03d8e486._.js:1:328)
    at <unknown> (.next/server/chunks/ssr/_03d8e486._.js:1:360)
    at <unknown> (.next/server/chunks/ssr/_03d8e486._.js:1:465)
    at <unknown> (.next/server/chunks/ssr/[root-of-the-server]__35851e98._.js:1:441)
    at async g (.next/server/chunks/ssr/[root-of-the-server]__5a993f35._.js:14:476) {
  code: 'MISSING_MESSAGE',
  originalMessage: 'AdminDashboard (en)'
}
Error: MISSING_MESSAGE: AdminDashboard (en)
    at <unknown> (.next/server/chunks/ssr/_03d8e486._.js:1:328)
    at <unknown> (.next/server/chunks/ssr/_03d8e486._.js:1:360)
    at <unknown> (.next/server/chunks/ssr/_03d8e486._.js:1:465)
    at <unknown> (.next/server/chunks/ssr/[root-of-the-server]__35851e98._.js:1:441)
    at async g (.next/server/chunks/ssr/[root-of-the-server]__5a993f35._.js:14:476) {
  code: 'MISSING_MESSAGE',
  originalMessage: 'AdminDashboard (en)'
}
